key,id,chapter_id,land_id,is_big,power,show_items,hook_items,hook_show_items,per_hook_items,quick_show_items
160400,160400,16,5,1,754146,"[[3,1],[7,1],[10001,1],[29905,1],[10451,1],[40112,1],[40212,1],[40312,1],[40412,1]]","[[5,2140],[22,2155],[1,2330],[7,13]]","[[3,1],[7,1],[10001,1],[29905,1],[10451,1],[40112,1],[40212,1],[40312,1],[40412,1],[10601,1],[10480,1]]","[[5,2140],[22,2155],[1,2330],[7,13]]","[[3,1],[7,1],[10001,1],[29905,1],[10451,1],[40112,1],[40212,1],[40312,1],[40412,1],[10601,1],[10480,1]]"
160390,160390,16,5,0,753884,"[[3,1],[7,1],[10001,1],[29905,1],[10451,1],[40112,1],[40212,1],[40312,1],[40412,1]]","[[5,2130],[22,2155],[1,2330],[7,13]]","[[3,1],[7,1],[10001,1],[29905,1],[10451,1],[40112,1],[40212,1],[40312,1],[40412,1],[10601,1],[10480,1]]","[[5,2130],[22,2155],[1,2330],[7,13]]","[[3,1],[7,1],[10001,1],[29905,1],[10451,1],[40112,1],[40212,1],[40312,1],[40412,1],[10601,1],[10480,1]]"
160380,160380,16,5,0,747531,"[[3,1],[7,1],[10001,1],[29905,1],[10451,1],[40112,1],[40212,1],[40312,1],[40412,1]]","[[5,2130],[22,2145],[1,2320],[7,13]]","[[3,1],[7,1],[10001,1],[29905,1],[10451,1],[40112,1],[40212,1],[40312,1],[40412,1],[10601,1],[10480,1]]","[[5,2130],[22,2145],[1,2320],[7,13]]","[[3,1],[7,1],[10001,1],[29905,1],[10451,1],[40112,1],[40212,1],[40312,1],[40412,1],[10601,1],[10480,1]]"
160370,160370,16,5,0,747269,"[[3,1],[7,1],[10001,1],[29905,1],[10451,1],[40112,1],[40212,1],[40312,1],[40412,1]]","[[5,2130],[22,2145],[1,2320],[7,13]]","[[3,1],[7,1],[10001,1],[29905,1],[10451,1],[40112,1],[40212,1],[40312,1],[40412,1],[10601,1],[10480,1]]","[[5,2130],[22,2145],[1,2320],[7,13]]","[[3,1],[7,1],[10001,1],[29905,1],[10451,1],[40112,1],[40212,1],[40312,1],[40412,1],[10601,1],[10480,1]]"
160360,160360,16,5,0,747006,"[[3,1],[7,1],[10001,1],[29905,1],[10451,1],[40112,1],[40212,1],[40312,1],[40412,1]]","[[5,2120],[22,2145],[1,2320],[7,13]]","[[3,1],[7,1],[10001,1],[29905,1],[10451,1],[40112,1],[40212,1],[40312,1],[40412,1],[10601,1],[10480,1]]","[[5,2120],[22,2145],[1,2320],[7,13]]","[[3,1],[7,1],[10001,1],[29905,1],[10451,1],[40112,1],[40212,1],[40312,1],[40412,1],[10601,1],[10480,1]]"
160350,160350,16,5,1,746744,"[[3,1],[7,1],[10001,1],[29905,1],[10451,1],[40112,1],[40212,1],[40312,1],[40412,1]]","[[5,2120],[22,2135],[1,2310],[7,13]]","[[3,1],[7,1],[10001,1],[29905,1],[10451,1],[40112,1],[40212,1],[40312,1],[40412,1],[10601,1],[10480,1]]","[[5,2120],[22,2135],[1,2310],[7,13]]","[[3,1],[7,1],[10001,1],[29905,1],[10451,1],[40112,1],[40212,1],[40312,1],[40412,1],[10601,1],[10480,1]]"
160340,160340,16,5,0,746481,"[[3,1],[7,1],[10001,1],[29905,1],[10451,1],[40112,1],[40212,1],[40312,1],[40412,1]]","[[5,2120],[22,2135],[1,2310],[7,13]]","[[3,1],[7,1],[10001,1],[29905,1],[10451,1],[40112,1],[40212,1],[40312,1],[40412,1],[10601,1],[10480,1]]","[[5,2120],[22,2135],[1,2310],[7,13]]","[[3,1],[7,1],[10001,1],[29905,1],[10451,1],[40112,1],[40212,1],[40312,1],[40412,1],[10601,1],[10480,1]]"
160330,160330,16,5,0,746219,"[[3,1],[7,1],[10001,1],[29905,1],[10451,1],[40112,1],[40212,1],[40312,1],[40412,1]]","[[5,2110],[22,2135],[1,2310],[7,13]]","[[3,1],[7,1],[10001,1],[29905,1],[10451,1],[40112,1],[40212,1],[40312,1],[40412,1],[10601,1],[10480,1]]","[[5,2110],[22,2135],[1,2310],[7,13]]","[[3,1],[7,1],[10001,1],[29905,1],[10451,1],[40112,1],[40212,1],[40312,1],[40412,1],[10601,1],[10480,1]]"
160320,160320,16,5,0,745956,"[[3,1],[7,1],[10001,1],[29905,1],[10451,1],[40112,1],[40212,1],[40312,1],[40412,1]]","[[5,2110],[22,2125],[1,2300],[7,13]]","[[3,1],[7,1],[10001,1],[29905,1],[10451,1],[40112,1],[40212,1],[40312,1],[40412,1],[10601,1],[10480,1]]","[[5,2110],[22,2125],[1,2300],[7,13]]","[[3,1],[7,1],[10001,1],[29905,1],[10451,1],[40112,1],[40212,1],[40312,1],[40412,1],[10601,1],[10480,1]]"
160310,160310,16,5,0,745694,"[[3,1],[7,1],[10001,1],[29905,1],[10451,1],[40112,1],[40212,1],[40312,1],[40412,1]]","[[5,2110],[22,2125],[1,2300],[7,13]]","[[3,1],[7,1],[10001,1],[29905,1],[10451,1],[40112,1],[40212,1],[40312,1],[40412,1],[10601,1],[10480,1]]","[[5,2110],[22,2125],[1,2300],[7,13]]","[[3,1],[7,1],[10001,1],[29905,1],[10451,1],[40112,1],[40212,1],[40312,1],[40412,1],[10601,1],[10480,1]]"
160300,160300,16,5,1,739373,"[[3,1],[7,1],[10001,1],[29905,1],[10451,1],[40112,1],[40212,1],[40312,1],[40412,1]]","[[5,2100],[22,2125],[1,2300],[7,13]]","[[3,1],[7,1],[10001,1],[29905,1],[10451,1],[40112,1],[40212,1],[40312,1],[40412,1],[10601,1],[10480,1]]","[[5,2100],[22,2125],[1,2300],[7,13]]","[[3,1],[7,1],[10001,1],[29905,1],[10451,1],[40112,1],[40212,1],[40312,1],[40412,1],[10601,1],[10480,1]]"
160290,160290,16,5,0,739110,"[[3,1],[7,1],[10001,1],[29905,1],[10451,1],[40112,1],[40212,1],[40312,1],[40412,1]]","[[5,2100],[22,2115],[1,2290],[7,13]]","[[3,1],[7,1],[10001,1],[29905,1],[10451,1],[40112,1],[40212,1],[40312,1],[40412,1],[10601,1],[10480,1]]","[[5,2100],[22,2115],[1,2290],[7,13]]","[[3,1],[7,1],[10001,1],[29905,1],[10451,1],[40112,1],[40212,1],[40312,1],[40412,1],[10601,1],[10480,1]]"
160280,160280,16,5,0,738848,"[[3,1],[7,1],[10001,1],[29905,1],[10451,1],[40112,1],[40212,1],[40312,1],[40412,1]]","[[5,2100],[22,2115],[1,2290],[7,13]]","[[3,1],[7,1],[10001,1],[29905,1],[10451,1],[40112,1],[40212,1],[40312,1],[40412,1],[10601,1],[10480,1]]","[[5,2100],[22,2115],[1,2290],[7,13]]","[[3,1],[7,1],[10001,1],[29905,1],[10451,1],[40112,1],[40212,1],[40312,1],[40412,1],[10601,1],[10480,1]]"
160270,160270,16,5,0,738585,"[[3,1],[7,1],[10001,1],[29905,1],[10451,1],[40112,1],[40212,1],[40312,1],[40412,1]]","[[5,2090],[22,2115],[1,2290],[7,13]]","[[3,1],[7,1],[10001,1],[29905,1],[10451,1],[40112,1],[40212,1],[40312,1],[40412,1],[10601,1],[10480,1]]","[[5,2090],[22,2115],[1,2290],[7,13]]","[[3,1],[7,1],[10001,1],[29905,1],[10451,1],[40112,1],[40212,1],[40312,1],[40412,1],[10601,1],[10480,1]]"
160260,160260,16,5,0,738323,"[[3,1],[7,1],[10001,1],[29905,1],[10451,1],[40112,1],[40212,1],[40312,1],[40412,1]]","[[5,2090],[22,2105],[1,2280],[7,13]]","[[3,1],[7,1],[10001,1],[29905,1],[10451,1],[40112,1],[40212,1],[40312,1],[40412,1],[10601,1],[10480,1]]","[[5,2090],[22,2105],[1,2280],[7,13]]","[[3,1],[7,1],[10001,1],[29905,1],[10451,1],[40112,1],[40212,1],[40312,1],[40412,1],[10601,1],[10480,1]]"
160250,160250,16,5,1,738060,"[[3,1],[7,1],[10001,1],[29905,1],[10451,1],[40112,1],[40212,1],[40312,1],[40412,1]]","[[5,2090],[22,2105],[1,2280],[7,13]]","[[3,1],[7,1],[10001,1],[29905,1],[10451,1],[40112,1],[40212,1],[40312,1],[40412,1],[10601,1],[10480,1]]","[[5,2090],[22,2105],[1,2280],[7,13]]","[[3,1],[7,1],[10001,1],[29905,1],[10451,1],[40112,1],[40212,1],[40312,1],[40412,1],[10601,1],[10480,1]]"
160240,160240,16,5,0,737798,"[[3,1],[7,1],[10001,1],[29905,1],[10451,1],[40112,1],[40212,1],[40312,1],[40412,1]]","[[5,2080],[22,2105],[1,2280],[7,13]]","[[3,1],[7,1],[10001,1],[29905,1],[10451,1],[40112,1],[40212,1],[40312,1],[40412,1],[10601,1],[10480,1]]","[[5,2080],[22,2105],[1,2280],[7,13]]","[[3,1],[7,1],[10001,1],[29905,1],[10451,1],[40112,1],[40212,1],[40312,1],[40412,1],[10601,1],[10480,1]]"
160230,160230,16,5,0,737535,"[[3,1],[7,1],[10001,1],[29905,1],[10451,1],[40112,1],[40212,1],[40312,1],[40412,1]]","[[5,2080],[22,2095],[1,2270],[7,13]]","[[3,1],[7,1],[10001,1],[29905,1],[10451,1],[40112,1],[40212,1],[40312,1],[40412,1],[10601,1],[10480,1]]","[[5,2080],[22,2095],[1,2270],[7,13]]","[[3,1],[7,1],[10001,1],[29905,1],[10451,1],[40112,1],[40212,1],[40312,1],[40412,1],[10601,1],[10480,1]]"
160220,160220,16,5,0,731188,"[[3,1],[7,1],[10001,1],[29905,1],[10451,1],[40112,1],[40212,1],[40312,1],[40412,1]]","[[5,2080],[22,2095],[1,2270],[7,13]]","[[3,1],[7,1],[10001,1],[29905,1],[10451,1],[40112,1],[40212,1],[40312,1],[40412,1],[10601,1],[10480,1]]","[[5,2080],[22,2095],[1,2270],[7,13]]","[[3,1],[7,1],[10001,1],[29905,1],[10451,1],[40112,1],[40212,1],[40312,1],[40412,1],[10601,1],[10480,1]]"
160210,160210,16,5,0,730926,"[[3,1],[7,1],[10001,1],[29905,1],[10451,1],[40112,1],[40212,1],[40312,1],[40412,1]]","[[5,2070],[22,2095],[1,2270],[7,13]]","[[3,1],[7,1],[10001,1],[29905,1],[10451,1],[40112,1],[40212,1],[40312,1],[40412,1],[10601,1],[10480,1]]","[[5,2070],[22,2095],[1,2270],[7,13]]","[[3,1],[7,1],[10001,1],[29905,1],[10451,1],[40112,1],[40212,1],[40312,1],[40412,1],[10601,1],[10480,1]]"
160200,160200,16,5,1,730663,"[[3,1],[7,1],[10001,1],[29905,1],[10451,1],[40112,1],[40212,1],[40312,1],[40412,1]]","[[5,2070],[22,2085],[1,2260],[7,13]]","[[3,1],[7,1],[10001,1],[29905,1],[10451,1],[40112,1],[40212,1],[40312,1],[40412,1],[10601,1],[10480,1]]","[[5,2070],[22,2085],[1,2260],[7,13]]","[[3,1],[7,1],[10001,1],[29905,1],[10451,1],[40112,1],[40212,1],[40312,1],[40412,1],[10601,1],[10480,1]]"
160190,160190,16,5,0,730401,"[[3,1],[7,1],[10001,1],[29905,1],[10451,1],[40112,1],[40212,1],[40312,1],[40412,1]]","[[5,2070],[22,2085],[1,2260],[7,13]]","[[3,1],[7,1],[10001,1],[29905,1],[10451,1],[40112,1],[40212,1],[40312,1],[40412,1],[10601,1],[10480,1]]","[[5,2070],[22,2085],[1,2260],[7,13]]","[[3,1],[7,1],[10001,1],[29905,1],[10451,1],[40112,1],[40212,1],[40312,1],[40412,1],[10601,1],[10480,1]]"
160180,160180,16,5,0,730138,"[[3,1],[7,1],[10001,1],[29905,1],[10451,1],[40112,1],[40212,1],[40312,1],[40412,1]]","[[5,2060],[22,2085],[1,2260],[7,13]]","[[3,1],[7,1],[10001,1],[29905,1],[10451,1],[40112,1],[40212,1],[40312,1],[40412,1],[10601,1],[10480,1]]","[[5,2060],[22,2085],[1,2260],[7,13]]","[[3,1],[7,1],[10001,1],[29905,1],[10451,1],[40112,1],[40212,1],[40312,1],[40412,1],[10601,1],[10480,1]]"
160170,160170,16,5,0,729876,"[[3,1],[7,1],[10001,1],[29905,1],[10451,1],[40112,1],[40212,1],[40312,1],[40412,1]]","[[5,2060],[22,2075],[1,2250],[7,13]]","[[3,1],[7,1],[10001,1],[29905,1],[10451,1],[40112,1],[40212,1],[40312,1],[40412,1],[10601,1],[10480,1]]","[[5,2060],[22,2075],[1,2250],[7,13]]","[[3,1],[7,1],[10001,1],[29905,1],[10451,1],[40112,1],[40212,1],[40312,1],[40412,1],[10601,1],[10480,1]]"
160160,160160,16,5,0,729613,"[[3,1],[7,1],[10001,1],[29905,1],[10451,1],[40112,1],[40212,1],[40312,1],[40412,1]]","[[5,2060],[22,2075],[1,2250],[7,13]]","[[3,1],[7,1],[10001,1],[29905,1],[10451,1],[40112,1],[40212,1],[40312,1],[40412,1],[10601,1],[10480,1]]","[[5,2060],[22,2075],[1,2250],[7,13]]","[[3,1],[7,1],[10001,1],[29905,1],[10451,1],[40112,1],[40212,1],[40312,1],[40412,1],[10601,1],[10480,1]]"
160150,160150,16,5,1,729351,"[[3,1],[7,1],[10001,1],[29905,1],[10451,1],[40112,1],[40212,1],[40312,1],[40412,1]]","[[5,2050],[22,2075],[1,2250],[7,13]]","[[3,1],[7,1],[10001,1],[29905,1],[10451,1],[40112,1],[40212,1],[40312,1],[40412,1],[10601,1],[10480,1]]","[[5,2050],[22,2075],[1,2250],[7,13]]","[[3,1],[7,1],[10001,1],[29905,1],[10451,1],[40112,1],[40212,1],[40312,1],[40412,1],[10601,1],[10480,1]]"
160140,160140,16,5,0,723024,"[[3,1],[7,1],[10001,1],[29905,1],[10451,1],[40112,1],[40212,1],[40312,1],[40412,1]]","[[5,2050],[22,2065],[1,2240],[7,13]]","[[3,1],[7,1],[10001,1],[29905,1],[10451,1],[40112,1],[40212,1],[40312,1],[40412,1],[10601,1],[10480,1]]","[[5,2050],[22,2065],[1,2240],[7,13]]","[[3,1],[7,1],[10001,1],[29905,1],[10451,1],[40112,1],[40212,1],[40312,1],[40412,1],[10601,1],[10480,1]]"
160130,160130,16,5,0,722762,"[[3,1],[7,1],[10001,1],[29905,1],[10451,1],[40112,1],[40212,1],[40312,1],[40412,1]]","[[5,2050],[22,2065],[1,2240],[7,13]]","[[3,1],[7,1],[10001,1],[29905,1],[10451,1],[40112,1],[40212,1],[40312,1],[40412,1],[10601,1],[10480,1]]","[[5,2050],[22,2065],[1,2240],[7,13]]","[[3,1],[7,1],[10001,1],[29905,1],[10451,1],[40112,1],[40212,1],[40312,1],[40412,1],[10601,1],[10480,1]]"
160120,160120,16,5,0,722499,"[[3,1],[7,1],[10001,1],[29905,1],[10451,1],[40112,1],[40212,1],[40312,1],[40412,1]]","[[5,2040],[22,2065],[1,2240],[7,13]]","[[3,1],[7,1],[10001,1],[29905,1],[10451,1],[40112,1],[40212,1],[40312,1],[40412,1],[10601,1],[10480,1]]","[[5,2040],[22,2065],[1,2240],[7,13]]","[[3,1],[7,1],[10001,1],[29905,1],[10451,1],[40112,1],[40212,1],[40312,1],[40412,1],[10601,1],[10480,1]]"
160110,160110,16,5,0,722237,"[[3,1],[7,1],[10001,1],[29905,1],[10451,1],[40112,1],[40212,1],[40312,1],[40412,1]]","[[5,2040],[22,2055],[1,2230],[7,13]]","[[3,1],[7,1],[10001,1],[29905,1],[10451,1],[40112,1],[40212,1],[40312,1],[40412,1],[10601,1],[10480,1]]","[[5,2040],[22,2055],[1,2230],[7,13]]","[[3,1],[7,1],[10001,1],[29905,1],[10451,1],[40112,1],[40212,1],[40312,1],[40412,1],[10601,1],[10480,1]]"
160100,160100,16,5,1,721974,"[[3,1],[7,1],[10001,1],[29905,1],[10451,1],[40112,1],[40212,1],[40312,1],[40412,1]]","[[5,2040],[22,2055],[1,2230],[7,13]]","[[3,1],[7,1],[10001,1],[29905,1],[10451,1],[40112,1],[40212,1],[40312,1],[40412,1],[10601,1],[10480,1]]","[[5,2040],[22,2055],[1,2230],[7,13]]","[[3,1],[7,1],[10001,1],[29905,1],[10451,1],[40112,1],[40212,1],[40312,1],[40412,1],[10601,1],[10480,1]]"
160090,160090,16,5,0,721712,"[[3,1],[7,1],[10001,1],[29905,1],[10451,1],[40112,1],[40212,1],[40312,1],[40412,1]]","[[5,2030],[22,2055],[1,2230],[7,13]]","[[3,1],[7,1],[10001,1],[29905,1],[10451,1],[40112,1],[40212,1],[40312,1],[40412,1],[10601,1],[10480,1]]","[[5,2030],[22,2055],[1,2230],[7,13]]","[[3,1],[7,1],[10001,1],[29905,1],[10451,1],[40112,1],[40212,1],[40312,1],[40412,1],[10601,1],[10480,1]]"
160080,160080,16,5,0,721449,"[[3,1],[7,1],[10001,1],[29905,1],[10451,1],[40112,1],[40212,1],[40312,1],[40412,1]]","[[5,2030],[22,2045],[1,2220],[7,13]]","[[3,1],[7,1],[10001,1],[29905,1],[10451,1],[40112,1],[40212,1],[40312,1],[40412,1],[10601,1],[10480,1]]","[[5,2030],[22,2045],[1,2220],[7,13]]","[[3,1],[7,1],[10001,1],[29905,1],[10451,1],[40112,1],[40212,1],[40312,1],[40412,1],[10601,1],[10480,1]]"
160070,160070,16,5,0,721187,"[[3,1],[7,1],[10001,1],[29905,1],[10451,1],[40112,1],[40212,1],[40312,1],[40412,1]]","[[5,2030],[22,2045],[1,2220],[7,13]]","[[3,1],[7,1],[10001,1],[29905,1],[10451,1],[40112,1],[40212,1],[40312,1],[40412,1],[10601,1],[10480,1]]","[[5,2030],[22,2045],[1,2220],[7,13]]","[[3,1],[7,1],[10001,1],[29905,1],[10451,1],[40112,1],[40212,1],[40312,1],[40412,1],[10601,1],[10480,1]]"
160060,160060,16,5,0,714829,"[[3,1],[7,1],[10001,1],[29905,1],[10451,1],[40112,1],[40212,1],[40312,1],[40412,1]]","[[5,2020],[22,2045],[1,2220],[7,13]]","[[3,1],[7,1],[10001,1],[29905,1],[10451,1],[40112,1],[40212,1],[40312,1],[40412,1],[10601,1],[10480,1]]","[[5,2020],[22,2045],[1,2220],[7,13]]","[[3,1],[7,1],[10001,1],[29905,1],[10451,1],[40112,1],[40212,1],[40312,1],[40412,1],[10601,1],[10480,1]]"
160050,160050,16,5,1,714567,"[[3,1],[7,1],[10001,1],[29905,1],[10451,1],[40112,1],[40212,1],[40312,1],[40412,1]]","[[5,2020],[22,2035],[1,2210],[7,13]]","[[3,1],[7,1],[10001,1],[29905,1],[10451,1],[40112,1],[40212,1],[40312,1],[40412,1],[10601,1],[10480,1]]","[[5,2020],[22,2035],[1,2210],[7,13]]","[[3,1],[7,1],[10001,1],[29905,1],[10451,1],[40112,1],[40212,1],[40312,1],[40412,1],[10601,1],[10480,1]]"
160040,160040,16,5,0,714304,"[[3,1],[7,1],[10001,1],[29905,1],[10451,1],[40112,1],[40212,1],[40312,1],[40412,1]]","[[5,2020],[22,2035],[1,2210],[7,13]]","[[3,1],[7,1],[10001,1],[29905,1],[10451,1],[40112,1],[40212,1],[40312,1],[40412,1],[10601,1],[10480,1]]","[[5,2020],[22,2035],[1,2210],[7,13]]","[[3,1],[7,1],[10001,1],[29905,1],[10451,1],[40112,1],[40212,1],[40312,1],[40412,1],[10601,1],[10480,1]]"
160030,160030,16,5,0,714042,"[[3,1],[7,1],[10001,1],[29905,1],[10451,1],[40112,1],[40212,1],[40312,1],[40412,1]]","[[5,2010],[22,2035],[1,2210],[7,13]]","[[3,1],[7,1],[10001,1],[29905,1],[10451,1],[40112,1],[40212,1],[40312,1],[40412,1],[10601,1],[10480,1]]","[[5,2010],[22,2035],[1,2210],[7,13]]","[[3,1],[7,1],[10001,1],[29905,1],[10451,1],[40112,1],[40212,1],[40312,1],[40412,1],[10601,1],[10480,1]]"
160020,160020,16,5,0,713779,"[[3,1],[7,1],[10001,1],[29905,1],[10451,1],[40112,1],[40212,1],[40312,1],[40412,1]]","[[5,2010],[22,2025],[1,2200],[7,13]]","[[3,1],[7,1],[10001,1],[29905,1],[10451,1],[40112,1],[40212,1],[40312,1],[40412,1],[10601,1],[10480,1]]","[[5,2010],[22,2025],[1,2200],[7,13]]","[[3,1],[7,1],[10001,1],[29905,1],[10451,1],[40112,1],[40212,1],[40312,1],[40412,1],[10601,1],[10480,1]]"
160010,160010,16,5,0,713517,"[[3,1],[7,1],[10001,1],[29905,1],[10451,1],[40112,1],[40212,1],[40312,1],[40412,1]]","[[5,2010],[22,2025],[1,2200],[7,13]]","[[3,1],[7,1],[10001,1],[29905,1],[10451,1],[40112,1],[40212,1],[40312,1],[40412,1],[10601,1],[10480,1]]","[[5,2010],[22,2025],[1,2200],[7,13]]","[[3,1],[7,1],[10001,1],[29905,1],[10451,1],[40112,1],[40212,1],[40312,1],[40412,1],[10601,1],[10480,1]]"
150400,150400,15,5,1,713254,"[[3,1],[7,1],[10001,1],[29905,1],[10451,1],[40112,1],[40212,1],[40312,1],[40412,1]]","[[5,2000],[22,2025],[1,2200],[7,13]]","[[3,1],[7,1],[10001,1],[29905,1],[10451,1],[40112,1],[40212,1],[40312,1],[40412,1],[10601,1],[10480,1]]","[[5,2000],[22,2025],[1,2200],[7,13]]","[[3,1],[7,1],[10001,1],[29905,1],[10451,1],[40112,1],[40212,1],[40312,1],[40412,1],[10601,1],[10480,1]]"
150390,150390,15,5,0,712992,"[[3,1],[7,1],[10001,1],[29905,1],[10451,1],[40112,1],[40212,1],[40312,1],[40412,1]]","[[5,2000],[22,2015],[1,2190],[7,13]]","[[3,1],[7,1],[10001,1],[29905,1],[10451,1],[40112,1],[40212,1],[40312,1],[40412,1],[10601,1],[10480,1]]","[[5,2000],[22,2015],[1,2190],[7,13]]","[[3,1],[7,1],[10001,1],[29905,1],[10451,1],[40112,1],[40212,1],[40312,1],[40412,1],[10601,1],[10480,1]]"
150380,150380,15,5,0,706634,"[[3,1],[7,1],[10001,1],[29905,1],[10451,1],[40112,1],[40212,1],[40312,1],[40412,1]]","[[5,2000],[22,2015],[1,2190],[7,13]]","[[3,1],[7,1],[10001,1],[29905,1],[10451,1],[40112,1],[40212,1],[40312,1],[40412,1],[10601,1],[10480,1]]","[[5,2000],[22,2015],[1,2190],[7,13]]","[[3,1],[7,1],[10001,1],[29905,1],[10451,1],[40112,1],[40212,1],[40312,1],[40412,1],[10601,1],[10480,1]]"
150370,150370,15,5,0,706371,"[[3,1],[7,1],[10001,1],[29905,1],[10451,1],[40112,1],[40212,1],[40312,1],[40412,1]]","[[5,1990],[22,2015],[1,2190],[7,13]]","[[3,1],[7,1],[10001,1],[29905,1],[10451,1],[40112,1],[40212,1],[40312,1],[40412,1],[10601,1],[10480,1]]","[[5,1990],[22,2015],[1,2190],[7,13]]","[[3,1],[7,1],[10001,1],[29905,1],[10451,1],[40112,1],[40212,1],[40312,1],[40412,1],[10601,1],[10480,1]]"
150360,150360,15,5,0,706109,"[[3,1],[7,1],[10001,1],[29905,1],[10451,1],[40112,1],[40212,1],[40312,1],[40412,1]]","[[5,1990],[22,2005],[1,2180],[7,13]]","[[3,1],[7,1],[10001,1],[29905,1],[10451,1],[40112,1],[40212,1],[40312,1],[40412,1],[10601,1],[10480,1]]","[[5,1990],[22,2005],[1,2180],[7,13]]","[[3,1],[7,1],[10001,1],[29905,1],[10451,1],[40112,1],[40212,1],[40312,1],[40412,1],[10601,1],[10480,1]]"
150350,150350,15,5,1,705846,"[[3,1],[7,1],[10001,1],[29905,1],[10451,1],[40112,1],[40212,1],[40312,1],[40412,1]]","[[5,1990],[22,2005],[1,2180],[7,13]]","[[3,1],[7,1],[10001,1],[29905,1],[10451,1],[40112,1],[40212,1],[40312,1],[40412,1],[10601,1],[10480,1]]","[[5,1990],[22,2005],[1,2180],[7,13]]","[[3,1],[7,1],[10001,1],[29905,1],[10451,1],[40112,1],[40212,1],[40312,1],[40412,1],[10601,1],[10480,1]]"
150340,150340,15,5,0,705584,"[[3,1],[7,1],[10001,1],[29905,1],[10451,1],[40112,1],[40212,1],[40312,1],[40412,1]]","[[5,1980],[22,2005],[1,2180],[7,13]]","[[3,1],[7,1],[10001,1],[29905,1],[10451,1],[40112,1],[40212,1],[40312,1],[40412,1],[10601,1],[10480,1]]","[[5,1980],[22,2005],[1,2180],[7,13]]","[[3,1],[7,1],[10001,1],[29905,1],[10451,1],[40112,1],[40212,1],[40312,1],[40412,1],[10601,1],[10480,1]]"
150330,150330,15,5,0,705321,"[[3,1],[7,1],[10001,1],[29905,1],[10451,1],[40112,1],[40212,1],[40312,1],[40412,1]]","[[5,1980],[22,1995],[1,2170],[7,13]]","[[3,1],[7,1],[10001,1],[29905,1],[10451,1],[40112,1],[40212,1],[40312,1],[40412,1],[10601,1],[10480,1]]","[[5,1980],[22,1995],[1,2170],[7,13]]","[[3,1],[7,1],[10001,1],[29905,1],[10451,1],[40112,1],[40212,1],[40312,1],[40412,1],[10601,1],[10480,1]]"
150320,150320,15,5,0,705059,"[[3,1],[7,1],[10001,1],[29905,1],[10451,1],[40112,1],[40212,1],[40312,1],[40412,1]]","[[5,1980],[22,1995],[1,2170],[7,13]]","[[3,1],[7,1],[10001,1],[29905,1],[10451,1],[40112,1],[40212,1],[40312,1],[40412,1],[10601,1],[10480,1]]","[[5,1980],[22,1995],[1,2170],[7,13]]","[[3,1],[7,1],[10001,1],[29905,1],[10451,1],[40112,1],[40212,1],[40312,1],[40412,1],[10601,1],[10480,1]]"
150310,150310,15,5,0,704796,"[[3,1],[7,1],[10001,1],[29905,1],[10451,1],[40112,1],[40212,1],[40312,1],[40412,1]]","[[5,1970],[22,1995],[1,2170],[7,13]]","[[3,1],[7,1],[10001,1],[29905,1],[10451,1],[40112,1],[40212,1],[40312,1],[40412,1],[10601,1],[10480,1]]","[[5,1970],[22,1995],[1,2170],[7,13]]","[[3,1],[7,1],[10001,1],[29905,1],[10451,1],[40112,1],[40212,1],[40312,1],[40412,1],[10601,1],[10480,1]]"
150300,150300,15,5,1,698486,"[[3,1],[7,1],[10001,1],[29905,1],[10451,1],[40112,1],[40212,1],[40312,1],[40412,1]]","[[5,1970],[22,1985],[1,2160],[7,13]]","[[3,1],[7,1],[10001,1],[29905,1],[10451,1],[40112,1],[40212,1],[40312,1],[40412,1],[10601,1],[10480,1]]","[[5,1970],[22,1985],[1,2160],[7,13]]","[[3,1],[7,1],[10001,1],[29905,1],[10451,1],[40112,1],[40212,1],[40312,1],[40412,1],[10601,1],[10480,1]]"
150290,150290,15,5,0,698223,"[[3,1],[7,1],[10001,1],[29905,1],[10451,1],[40112,1],[40212,1],[40312,1],[40412,1]]","[[5,1970],[22,1985],[1,2160],[7,13]]","[[3,1],[7,1],[10001,1],[29905,1],[10451,1],[40112,1],[40212,1],[40312,1],[40412,1],[10601,1],[10480,1]]","[[5,1970],[22,1985],[1,2160],[7,13]]","[[3,1],[7,1],[10001,1],[29905,1],[10451,1],[40112,1],[40212,1],[40312,1],[40412,1],[10601,1],[10480,1]]"
150280,150280,15,5,0,697961,"[[3,1],[7,1],[10001,1],[29905,1],[10451,1],[40112,1],[40212,1],[40312,1],[40412,1]]","[[5,1960],[22,1985],[1,2160],[7,13]]","[[3,1],[7,1],[10001,1],[29905,1],[10451,1],[40112,1],[40212,1],[40312,1],[40412,1],[10601,1],[10480,1]]","[[5,1960],[22,1985],[1,2160],[7,13]]","[[3,1],[7,1],[10001,1],[29905,1],[10451,1],[40112,1],[40212,1],[40312,1],[40412,1],[10601,1],[10480,1]]"
150270,150270,15,5,0,697698,"[[3,1],[7,1],[10001,1],[29905,1],[10451,1],[40112,1],[40212,1],[40312,1],[40412,1]]","[[5,1960],[22,1975],[1,2150],[7,13]]","[[3,1],[7,1],[10001,1],[29905,1],[10451,1],[40112,1],[40212,1],[40312,1],[40412,1],[10601,1],[10480,1]]","[[5,1960],[22,1975],[1,2150],[7,13]]","[[3,1],[7,1],[10001,1],[29905,1],[10451,1],[40112,1],[40212,1],[40312,1],[40412,1],[10601,1],[10480,1]]"
150260,150260,15,5,0,697436,"[[3,1],[7,1],[10001,1],[29905,1],[10451,1],[40112,1],[40212,1],[40312,1],[40412,1]]","[[5,1960],[22,1975],[1,2150],[7,13]]","[[3,1],[7,1],[10001,1],[29905,1],[10451,1],[40112,1],[40212,1],[40312,1],[40412,1],[10601,1],[10480,1]]","[[5,1960],[22,1975],[1,2150],[7,13]]","[[3,1],[7,1],[10001,1],[29905,1],[10451,1],[40112,1],[40212,1],[40312,1],[40412,1],[10601,1],[10480,1]]"
150250,150250,15,5,1,697173,"[[3,1],[7,1],[10001,1],[29905,1],[10451,1],[40112,1],[40212,1],[40312,1],[40412,1]]","[[5,1950],[22,1975],[1,2150],[7,13]]","[[3,1],[7,1],[10001,1],[29905,1],[10451,1],[40112,1],[40212,1],[40312,1],[40412,1],[10601,1],[10480,1]]","[[5,1950],[22,1975],[1,2150],[7,13]]","[[3,1],[7,1],[10001,1],[29905,1],[10451,1],[40112,1],[40212,1],[40312,1],[40412,1],[10601,1],[10480,1]]"
150240,150240,15,5,0,696911,"[[3,1],[7,1],[10001,1],[29905,1],[10451,1],[40112,1],[40212,1],[40312,1],[40412,1]]","[[5,1950],[22,1965],[1,2140],[7,13]]","[[3,1],[7,1],[10001,1],[29905,1],[10451,1],[40112,1],[40212,1],[40312,1],[40412,1],[10601,1],[10480,1]]","[[5,1950],[22,1965],[1,2140],[7,13]]","[[3,1],[7,1],[10001,1],[29905,1],[10451,1],[40112,1],[40212,1],[40312,1],[40412,1],[10601,1],[10480,1]]"
150230,150230,15,5,0,696648,"[[3,1],[7,1],[10001,1],[29905,1],[10451,1],[40112,1],[40212,1],[40312,1],[40412,1]]","[[5,1950],[22,1965],[1,2140],[7,13]]","[[3,1],[7,1],[10001,1],[29905,1],[10451,1],[40112,1],[40212,1],[40312,1],[40412,1],[10601,1],[10480,1]]","[[5,1950],[22,1965],[1,2140],[7,13]]","[[3,1],[7,1],[10001,1],[29905,1],[10451,1],[40112,1],[40212,1],[40312,1],[40412,1],[10601,1],[10480,1]]"
150220,150220,15,5,0,690291,"[[3,1],[7,1],[10001,1],[29905,1],[10451,1],[40112,1],[40212,1],[40312,1],[40412,1]]","[[5,1940],[22,1965],[1,2140],[7,13]]","[[3,1],[7,1],[10001,1],[29905,1],[10451,1],[40112,1],[40212,1],[40312,1],[40412,1],[10601,1],[10480,1]]","[[5,1940],[22,1965],[1,2140],[7,13]]","[[3,1],[7,1],[10001,1],[29905,1],[10451,1],[40112,1],[40212,1],[40312,1],[40412,1],[10601,1],[10480,1]]"
150210,150210,15,5,0,690028,"[[3,1],[7,1],[10001,1],[29905,1],[10451,1],[40112,1],[40212,1],[40312,1],[40412,1]]","[[5,1940],[22,1955],[1,2130],[7,13]]","[[3,1],[7,1],[10001,1],[29905,1],[10451,1],[40112,1],[40212,1],[40312,1],[40412,1],[10601,1],[10480,1]]","[[5,1940],[22,1955],[1,2130],[7,13]]","[[3,1],[7,1],[10001,1],[29905,1],[10451,1],[40112,1],[40212,1],[40312,1],[40412,1],[10601,1],[10480,1]]"
150200,150200,15,5,1,689766,"[[3,1],[7,1],[10001,1],[29905,1],[10451,1],[40112,1],[40212,1],[40312,1],[40412,1]]","[[5,1940],[22,1955],[1,2130],[7,13]]","[[3,1],[7,1],[10001,1],[29905,1],[10451,1],[40112,1],[40212,1],[40312,1],[40412,1],[10601,1],[10480,1]]","[[5,1940],[22,1955],[1,2130],[7,13]]","[[3,1],[7,1],[10001,1],[29905,1],[10451,1],[40112,1],[40212,1],[40312,1],[40412,1],[10601,1],[10480,1]]"
150190,150190,15,5,0,689503,"[[3,1],[7,1],[10001,1],[29905,1],[10451,1],[40112,1],[40212,1],[40312,1],[40412,1]]","[[5,1930],[22,1955],[1,2130],[7,13]]","[[3,1],[7,1],[10001,1],[29905,1],[10451,1],[40112,1],[40212,1],[40312,1],[40412,1],[10601,1],[10480,1]]","[[5,1930],[22,1955],[1,2130],[7,13]]","[[3,1],[7,1],[10001,1],[29905,1],[10451,1],[40112,1],[40212,1],[40312,1],[40412,1],[10601,1],[10480,1]]"
150180,150180,15,5,0,689241,"[[3,1],[7,1],[10001,1],[29905,1],[10451,1],[40112,1],[40212,1],[40312,1],[40412,1]]","[[5,1930],[22,1945],[1,2120],[7,13]]","[[3,1],[7,1],[10001,1],[29905,1],[10451,1],[40112,1],[40212,1],[40312,1],[40412,1],[10601,1],[10480,1]]","[[5,1930],[22,1945],[1,2120],[7,13]]","[[3,1],[7,1],[10001,1],[29905,1],[10451,1],[40112,1],[40212,1],[40312,1],[40412,1],[10601,1],[10480,1]]"
150170,150170,15,5,0,688978,"[[3,1],[7,1],[10001,1],[29905,1],[10451,1],[40112,1],[40212,1],[40312,1],[40412,1]]","[[5,1930],[22,1945],[1,2120],[7,13]]","[[3,1],[7,1],[10001,1],[29905,1],[10451,1],[40112,1],[40212,1],[40312,1],[40412,1],[10601,1],[10480,1]]","[[5,1930],[22,1945],[1,2120],[7,13]]","[[3,1],[7,1],[10001,1],[29905,1],[10451,1],[40112,1],[40212,1],[40312,1],[40412,1],[10601,1],[10480,1]]"
150160,150160,15,5,0,688716,"[[3,1],[7,1],[10001,1],[29905,1],[10451,1],[40112,1],[40212,1],[40312,1],[40412,1]]","[[5,1920],[22,1945],[1,2120],[7,13]]","[[3,1],[7,1],[10001,1],[29905,1],[10451,1],[40112,1],[40212,1],[40312,1],[40412,1],[10601,1],[10480,1]]","[[5,1920],[22,1945],[1,2120],[7,13]]","[[3,1],[7,1],[10001,1],[29905,1],[10451,1],[40112,1],[40212,1],[40312,1],[40412,1],[10601,1],[10480,1]]"
150150,150150,15,5,1,688453,"[[3,1],[7,1],[10001,1],[29905,1],[10451,1],[40112,1],[40212,1],[40312,1],[40412,1]]","[[5,1920],[22,1935],[1,2110],[7,13]]","[[3,1],[7,1],[10001,1],[29905,1],[10451,1],[40112,1],[40212,1],[40312,1],[40412,1],[10601,1],[10480,1]]","[[5,1920],[22,1935],[1,2110],[7,13]]","[[3,1],[7,1],[10001,1],[29905,1],[10451,1],[40112,1],[40212,1],[40312,1],[40412,1],[10601,1],[10480,1]]"
150140,150140,15,5,0,674541,"[[3,1],[7,1],[10001,1],[29905,1],[10451,1],[40112,1],[40212,1],[40312,1],[40412,1]]","[[5,1920],[22,1935],[1,2110],[7,13]]","[[3,1],[7,1],[10001,1],[29905,1],[10451,1],[40112,1],[40212,1],[40312,1],[40412,1],[10601,1],[10480,1]]","[[5,1920],[22,1935],[1,2110],[7,13]]","[[3,1],[7,1],[10001,1],[29905,1],[10451,1],[40112,1],[40212,1],[40312,1],[40412,1],[10601,1],[10480,1]]"
150130,150130,15,5,0,674278,"[[3,1],[7,1],[10001,1],[29905,1],[10451,1],[40112,1],[40212,1],[40312,1],[40412,1]]","[[5,1910],[22,1935],[1,2110],[7,13]]","[[3,1],[7,1],[10001,1],[29905,1],[10451,1],[40112,1],[40212,1],[40312,1],[40412,1],[10601,1],[10480,1]]","[[5,1910],[22,1935],[1,2110],[7,13]]","[[3,1],[7,1],[10001,1],[29905,1],[10451,1],[40112,1],[40212,1],[40312,1],[40412,1],[10601,1],[10480,1]]"
150120,150120,15,5,0,674016,"[[3,1],[7,1],[10001,1],[29905,1],[10451,1],[40112,1],[40212,1],[40312,1],[40412,1]]","[[5,1910],[22,1925],[1,2100],[7,13]]","[[3,1],[7,1],[10001,1],[29905,1],[10451,1],[40112,1],[40212,1],[40312,1],[40412,1],[10601,1],[10480,1]]","[[5,1910],[22,1925],[1,2100],[7,13]]","[[3,1],[7,1],[10001,1],[29905,1],[10451,1],[40112,1],[40212,1],[40312,1],[40412,1],[10601,1],[10480,1]]"
150110,150110,15,5,0,673753,"[[3,1],[7,1],[10001,1],[29905,1],[10451,1],[40112,1],[40212,1],[40312,1],[40412,1]]","[[5,1910],[22,1925],[1,2100],[7,13]]","[[3,1],[7,1],[10001,1],[29905,1],[10451,1],[40112,1],[40212,1],[40312,1],[40412,1],[10601,1],[10480,1]]","[[5,1910],[22,1925],[1,2100],[7,13]]","[[3,1],[7,1],[10001,1],[29905,1],[10451,1],[40112,1],[40212,1],[40312,1],[40412,1],[10601,1],[10480,1]]"
150100,150100,15,5,1,673491,"[[3,1],[7,1],[10001,1],[29905,1],[10451,1],[40112,1],[40212,1],[40312,1],[40412,1]]","[[5,1900],[22,1925],[1,2100],[7,13]]","[[3,1],[7,1],[10001,1],[29905,1],[10451,1],[40112,1],[40212,1],[40312,1],[40412,1],[10601,1],[10480,1]]","[[5,1900],[22,1925],[1,2100],[7,13]]","[[3,1],[7,1],[10001,1],[29905,1],[10451,1],[40112,1],[40212,1],[40312,1],[40412,1],[10601,1],[10480,1]]"
150090,150090,15,5,0,673228,"[[3,1],[7,1],[10001,1],[29905,1],[10451,1],[40112,1],[40212,1],[40312,1],[40412,1]]","[[5,1900],[22,1915],[1,2090],[7,13]]","[[3,1],[7,1],[10001,1],[29905,1],[10451,1],[40112,1],[40212,1],[40312,1],[40412,1],[10601,1],[10480,1]]","[[5,1900],[22,1915],[1,2090],[7,13]]","[[3,1],[7,1],[10001,1],[29905,1],[10451,1],[40112,1],[40212,1],[40312,1],[40412,1],[10601,1],[10480,1]]"
150080,150080,15,5,0,672966,"[[3,1],[7,1],[10001,1],[29905,1],[10451,1],[40112,1],[40212,1],[40312,1],[40412,1]]","[[5,1900],[22,1915],[1,2090],[7,13]]","[[3,1],[7,1],[10001,1],[29905,1],[10451,1],[40112,1],[40212,1],[40312,1],[40412,1],[10601,1],[10480,1]]","[[5,1900],[22,1915],[1,2090],[7,13]]","[[3,1],[7,1],[10001,1],[29905,1],[10451,1],[40112,1],[40212,1],[40312,1],[40412,1],[10601,1],[10480,1]]"
150070,150070,15,5,0,672703,"[[3,1],[7,1],[10001,1],[29905,1],[10451,1],[40112,1],[40212,1],[40312,1],[40412,1]]","[[5,1890],[22,1915],[1,2090],[7,13]]","[[3,1],[7,1],[10001,1],[29905,1],[10451,1],[40112,1],[40212,1],[40312,1],[40412,1],[10601,1],[10480,1]]","[[5,1890],[22,1915],[1,2090],[7,13]]","[[3,1],[7,1],[10001,1],[29905,1],[10451,1],[40112,1],[40212,1],[40312,1],[40412,1],[10601,1],[10480,1]]"
150060,150060,15,5,0,666802,"[[3,1],[7,1],[10001,1],[29905,1],[10451,1],[40112,1],[40212,1],[40312,1],[40412,1]]","[[5,1890],[22,1905],[1,2080],[7,13]]","[[3,1],[7,1],[10001,1],[29905,1],[10451,1],[40112,1],[40212,1],[40312,1],[40412,1],[10601,1],[10480,1]]","[[5,1890],[22,1905],[1,2080],[7,13]]","[[3,1],[7,1],[10001,1],[29905,1],[10451,1],[40112,1],[40212,1],[40312,1],[40412,1],[10601,1],[10480,1]]"
150050,150050,15,5,1,666540,"[[3,1],[7,1],[10001,1],[29905,1],[10451,1],[40112,1],[40212,1],[40312,1],[40412,1]]","[[5,1890],[22,1905],[1,2080],[7,13]]","[[3,1],[7,1],[10001,1],[29905,1],[10451,1],[40112,1],[40212,1],[40312,1],[40412,1],[10601,1],[10480,1]]","[[5,1890],[22,1905],[1,2080],[7,13]]","[[3,1],[7,1],[10001,1],[29905,1],[10451,1],[40112,1],[40212,1],[40312,1],[40412,1],[10601,1],[10480,1]]"
150040,150040,15,5,0,666277,"[[3,1],[7,1],[10001,1],[29905,1],[10451,1],[40112,1],[40212,1],[40312,1],[40412,1]]","[[5,1880],[22,1905],[1,2080],[7,13]]","[[3,1],[7,1],[10001,1],[29905,1],[10451,1],[40112,1],[40212,1],[40312,1],[40412,1],[10601,1],[10480,1]]","[[5,1880],[22,1905],[1,2080],[7,13]]","[[3,1],[7,1],[10001,1],[29905,1],[10451,1],[40112,1],[40212,1],[40312,1],[40412,1],[10601,1],[10480,1]]"
150030,150030,15,5,0,666015,"[[3,1],[7,1],[10001,1],[29905,1],[10451,1],[40112,1],[40212,1],[40312,1],[40412,1]]","[[5,1880],[22,1895],[1,2070],[7,13]]","[[3,1],[7,1],[10001,1],[29905,1],[10451,1],[40112,1],[40212,1],[40312,1],[40412,1],[10601,1],[10480,1]]","[[5,1880],[22,1895],[1,2070],[7,13]]","[[3,1],[7,1],[10001,1],[29905,1],[10451,1],[40112,1],[40212,1],[40312,1],[40412,1],[10601,1],[10480,1]]"
150020,150020,15,5,0,665752,"[[3,1],[7,1],[10001,1],[29905,1],[10451,1],[40112,1],[40212,1],[40312,1],[40412,1]]","[[5,1880],[22,1895],[1,2070],[7,13]]","[[3,1],[7,1],[10001,1],[29905,1],[10451,1],[40112,1],[40212,1],[40312,1],[40412,1],[10601,1],[10480,1]]","[[5,1880],[22,1895],[1,2070],[7,13]]","[[3,1],[7,1],[10001,1],[29905,1],[10451,1],[40112,1],[40212,1],[40312,1],[40412,1],[10601,1],[10480,1]]"
150010,150010,15,5,0,665490,"[[3,1],[7,1],[10001,1],[29905,1],[10451,1],[40112,1],[40212,1],[40312,1],[40412,1]]","[[5,1870],[22,1895],[1,2070],[7,13]]","[[3,1],[7,1],[10001,1],[29905,1],[10451,1],[40112,1],[40212,1],[40312,1],[40412,1],[10601,1],[10480,1]]","[[5,1870],[22,1895],[1,2070],[7,13]]","[[3,1],[7,1],[10001,1],[29905,1],[10451,1],[40112,1],[40212,1],[40312,1],[40412,1],[10601,1],[10480,1]]"
140400,140400,14,4,1,665227,"[[3,1],[7,1],[10001,1],[29905,1],[10451,1],[40112,1],[40212,1],[40312,1],[40412,1]]","[[5,1870],[22,1885],[1,2060],[7,13]]","[[3,1],[7,1],[10001,1],[29905,1],[10451,1],[40112,1],[40212,1],[40312,1],[40412,1],[10601,1],[10480,1]]","[[5,1870],[22,1885],[1,2060],[7,13]]","[[3,1],[7,1],[10001,1],[29905,1],[10451,1],[40112,1],[40212,1],[40312,1],[40412,1],[10601,1],[10480,1]]"
140390,140390,14,4,0,664965,"[[3,1],[7,1],[10001,1],[29905,1],[10451,1],[40112,1],[40212,1],[40312,1],[40412,1]]","[[5,1870],[22,1885],[1,2060],[7,13]]","[[3,1],[7,1],[10001,1],[29905,1],[10451,1],[40112,1],[40212,1],[40312,1],[40412,1],[10601,1],[10480,1]]","[[5,1870],[22,1885],[1,2060],[7,13]]","[[3,1],[7,1],[10001,1],[29905,1],[10451,1],[40112,1],[40212,1],[40312,1],[40412,1],[10601,1],[10480,1]]"
140380,140380,14,4,0,659064,"[[3,1],[7,1],[10001,1],[29905,1],[10451,1],[40112,1],[40212,1],[40312,1],[40412,1]]","[[5,1860],[22,1885],[1,2060],[7,13]]","[[3,1],[7,1],[10001,1],[29905,1],[10451,1],[40112,1],[40212,1],[40312,1],[40412,1],[10601,1],[10480,1]]","[[5,1860],[22,1885],[1,2060],[7,13]]","[[3,1],[7,1],[10001,1],[29905,1],[10451,1],[40112,1],[40212,1],[40312,1],[40412,1],[10601,1],[10480,1]]"
140370,140370,14,4,0,658801,"[[3,1],[7,1],[10001,1],[29905,1],[10451,1],[40112,1],[40212,1],[40312,1],[40412,1]]","[[5,1860],[22,1875],[1,2050],[7,13]]","[[3,1],[7,1],[10001,1],[29905,1],[10451,1],[40112,1],[40212,1],[40312,1],[40412,1],[10601,1],[10480,1]]","[[5,1860],[22,1875],[1,2050],[7,13]]","[[3,1],[7,1],[10001,1],[29905,1],[10451,1],[40112,1],[40212,1],[40312,1],[40412,1],[10601,1],[10480,1]]"
140360,140360,14,4,0,658539,"[[3,1],[7,1],[10001,1],[29905,1],[10451,1],[40112,1],[40212,1],[40312,1],[40412,1]]","[[5,1860],[22,1875],[1,2050],[7,13]]","[[3,1],[7,1],[10001,1],[29905,1],[10451,1],[40112,1],[40212,1],[40312,1],[40412,1],[10601,1],[10480,1]]","[[5,1860],[22,1875],[1,2050],[7,13]]","[[3,1],[7,1],[10001,1],[29905,1],[10451,1],[40112,1],[40212,1],[40312,1],[40412,1],[10601,1],[10480,1]]"
140350,140350,14,4,1,658276,"[[3,1],[7,1],[10001,1],[29905,1],[10451,1],[40112,1],[40212,1],[40312,1],[40412,1]]","[[5,1850],[22,1875],[1,2050],[7,13]]","[[3,1],[7,1],[10001,1],[29905,1],[10451,1],[40112,1],[40212,1],[40312,1],[40412,1],[10601,1],[10480,1]]","[[5,1850],[22,1875],[1,2050],[7,13]]","[[3,1],[7,1],[10001,1],[29905,1],[10451,1],[40112,1],[40212,1],[40312,1],[40412,1],[10601,1],[10480,1]]"
140340,140340,14,4,0,658014,"[[3,1],[7,1],[10001,1],[29905,1],[10451,1],[40112,1],[40212,1],[40312,1],[40412,1]]","[[5,1850],[22,1865],[1,2040],[7,13]]","[[3,1],[7,1],[10001,1],[29905,1],[10451,1],[40112,1],[40212,1],[40312,1],[40412,1],[10601,1],[10480,1]]","[[5,1850],[22,1865],[1,2040],[7,13]]","[[3,1],[7,1],[10001,1],[29905,1],[10451,1],[40112,1],[40212,1],[40312,1],[40412,1],[10601,1],[10480,1]]"
140330,140330,14,4,0,657751,"[[3,1],[7,1],[10001,1],[29905,1],[10451,1],[40112,1],[40212,1],[40312,1],[40412,1]]","[[5,1850],[22,1865],[1,2040],[7,13]]","[[3,1],[7,1],[10001,1],[29905,1],[10451,1],[40112,1],[40212,1],[40312,1],[40412,1],[10601,1],[10480,1]]","[[5,1850],[22,1865],[1,2040],[7,13]]","[[3,1],[7,1],[10001,1],[29905,1],[10451,1],[40112,1],[40212,1],[40312,1],[40412,1],[10601,1],[10480,1]]"
140320,140320,14,4,0,657489,"[[3,1],[7,1],[10001,1],[29905,1],[10451,1],[40112,1],[40212,1],[40312,1],[40412,1]]","[[5,1840],[22,1865],[1,2040],[7,13]]","[[3,1],[7,1],[10001,1],[29905,1],[10451,1],[40112,1],[40212,1],[40312,1],[40412,1],[10601,1],[10480,1]]","[[5,1840],[22,1865],[1,2040],[7,13]]","[[3,1],[7,1],[10001,1],[29905,1],[10451,1],[40112,1],[40212,1],[40312,1],[40412,1],[10601,1],[10480,1]]"
140310,140310,14,4,0,657226,"[[3,1],[7,1],[10001,1],[29905,1],[10451,1],[40112,1],[40212,1],[40312,1],[40412,1]]","[[5,1840],[22,1855],[1,2030],[7,13]]","[[3,1],[7,1],[10001,1],[29905,1],[10451,1],[40112,1],[40212,1],[40312,1],[40412,1],[10601,1],[10480,1]]","[[5,1840],[22,1855],[1,2030],[7,13]]","[[3,1],[7,1],[10001,1],[29905,1],[10451,1],[40112,1],[40212,1],[40312,1],[40412,1],[10601,1],[10480,1]]"
140300,140300,14,4,1,651351,"[[3,1],[7,1],[10001,1],[29905,1],[10451,1],[40112,1],[40212,1],[40312,1],[40412,1]]","[[5,1840],[22,1855],[1,2030],[7,13]]","[[3,1],[7,1],[10001,1],[29905,1],[10451,1],[40112,1],[40212,1],[40312,1],[40412,1],[10601,1],[10480,1]]","[[5,1840],[22,1855],[1,2030],[7,13]]","[[3,1],[7,1],[10001,1],[29905,1],[10451,1],[40112,1],[40212,1],[40312,1],[40412,1],[10601,1],[10480,1]]"
140290,140290,14,4,0,651089,"[[3,1],[7,1],[10001,1],[29905,1],[10451,1],[40112,1],[40212,1],[40312,1],[40412,1]]","[[5,1830],[22,1855],[1,2030],[7,13]]","[[3,1],[7,1],[10001,1],[29905,1],[10451,1],[40112,1],[40212,1],[40312,1],[40412,1],[10601,1],[10480,1]]","[[5,1830],[22,1855],[1,2030],[7,13]]","[[3,1],[7,1],[10001,1],[29905,1],[10451,1],[40112,1],[40212,1],[40312,1],[40412,1],[10601,1],[10480,1]]"
140280,140280,14,4,0,650826,"[[3,1],[7,1],[10001,1],[29905,1],[10451,1],[40112,1],[40212,1],[40312,1],[40412,1]]","[[5,1830],[22,1845],[1,2020],[7,13]]","[[3,1],[7,1],[10001,1],[29905,1],[10451,1],[40112,1],[40212,1],[40312,1],[40412,1],[10601,1],[10480,1]]","[[5,1830],[22,1845],[1,2020],[7,13]]","[[3,1],[7,1],[10001,1],[29905,1],[10451,1],[40112,1],[40212,1],[40312,1],[40412,1],[10601,1],[10480,1]]"
140270,140270,14,4,0,650564,"[[3,1],[7,1],[10001,1],[29905,1],[10451,1],[40112,1],[40212,1],[40312,1],[40412,1]]","[[5,1830],[22,1845],[1,2020],[7,13]]","[[3,1],[7,1],[10001,1],[29905,1],[10451,1],[40112,1],[40212,1],[40312,1],[40412,1],[10601,1],[10480,1]]","[[5,1830],[22,1845],[1,2020],[7,13]]","[[3,1],[7,1],[10001,1],[29905,1],[10451,1],[40112,1],[40212,1],[40312,1],[40412,1],[10601,1],[10480,1]]"
140260,140260,14,4,0,650301,"[[3,1],[7,1],[10001,1],[29905,1],[10451,1],[40112,1],[40212,1],[40312,1],[40412,1]]","[[5,1820],[22,1845],[1,2020],[7,13]]","[[3,1],[7,1],[10001,1],[29905,1],[10451,1],[40112,1],[40212,1],[40312,1],[40412,1],[10601,1],[10480,1]]","[[5,1820],[22,1845],[1,2020],[7,13]]","[[3,1],[7,1],[10001,1],[29905,1],[10451,1],[40112,1],[40212,1],[40312,1],[40412,1],[10601,1],[10480,1]]"
140250,140250,14,4,1,650039,"[[3,1],[7,1],[10001,1],[29905,1],[10451,1],[40112,1],[40212,1],[40312,1],[40412,1]]","[[5,1820],[22,1835],[1,2010],[7,13]]","[[3,1],[7,1],[10001,1],[29905,1],[10451,1],[40112,1],[40212,1],[40312,1],[40412,1],[10601,1],[10480,1]]","[[5,1820],[22,1835],[1,2010],[7,13]]","[[3,1],[7,1],[10001,1],[29905,1],[10451,1],[40112,1],[40212,1],[40312,1],[40412,1],[10601,1],[10480,1]]"
140240,140240,14,4,0,649776,"[[3,1],[7,1],[10001,1],[29905,1],[10451,1],[40112,1],[40212,1],[40312,1],[40412,1]]","[[5,1820],[22,1835],[1,2010],[7,13]]","[[3,1],[7,1],[10001,1],[29905,1],[10451,1],[40112,1],[40212,1],[40312,1],[40412,1],[10601,1],[10480,1]]","[[5,1820],[22,1835],[1,2010],[7,13]]","[[3,1],[7,1],[10001,1],[29905,1],[10451,1],[40112,1],[40212,1],[40312,1],[40412,1],[10601,1],[10480,1]]"
140230,140230,14,4,0,649514,"[[3,1],[7,1],[10001,1],[29905,1],[10451,1],[40112,1],[40212,1],[40312,1],[40412,1]]","[[5,1810],[22,1835],[1,2010],[7,13]]","[[3,1],[7,1],[10001,1],[29905,1],[10451,1],[40112,1],[40212,1],[40312,1],[40412,1],[10601,1],[10480,1]]","[[5,1810],[22,1835],[1,2010],[7,13]]","[[3,1],[7,1],[10001,1],[29905,1],[10451,1],[40112,1],[40212,1],[40312,1],[40412,1],[10601,1],[10480,1]]"
140220,140220,14,4,0,643623,"[[3,1],[7,1],[10001,1],[29905,1],[10451,1],[40112,1],[40212,1],[40312,1],[40412,1]]","[[5,1810],[22,1825],[1,2000],[7,13]]","[[3,1],[7,1],[10001,1],[29905,1],[10451,1],[40112,1],[40212,1],[40312,1],[40412,1],[10601,1],[10480,1]]","[[5,1810],[22,1825],[1,2000],[7,13]]","[[3,1],[7,1],[10001,1],[29905,1],[10451,1],[40112,1],[40212,1],[40312,1],[40412,1],[10601,1],[10480,1]]"
140210,140210,14,4,0,643361,"[[3,1],[7,1],[10001,1],[29905,1],[10451,1],[40112,1],[40212,1],[40312,1],[40412,1]]","[[5,1810],[22,1825],[1,2000],[7,13]]","[[3,1],[7,1],[10001,1],[29905,1],[10451,1],[40112,1],[40212,1],[40312,1],[40412,1],[10601,1],[10480,1]]","[[5,1810],[22,1825],[1,2000],[7,13]]","[[3,1],[7,1],[10001,1],[29905,1],[10451,1],[40112,1],[40212,1],[40312,1],[40412,1],[10601,1],[10480,1]]"
140200,140200,14,4,1,643098,"[[3,1],[7,1],[10001,1],[29905,1],[10451,1],[40112,1],[40212,1],[40312,1],[40412,1]]","[[5,1800],[22,1825],[1,2000],[7,13]]","[[3,1],[7,1],[10001,1],[29905,1],[10451,1],[40112,1],[40212,1],[40312,1],[40412,1],[10601,1],[10480,1]]","[[5,1800],[22,1825],[1,2000],[7,13]]","[[3,1],[7,1],[10001,1],[29905,1],[10451,1],[40112,1],[40212,1],[40312,1],[40412,1],[10601,1],[10480,1]]"
140190,140190,14,4,0,642836,"[[3,1],[7,1],[10001,1],[29905,1],[10451,1],[40112,1],[40212,1],[40312,1],[40412,1]]","[[5,1800],[22,1815],[1,1990],[7,13]]","[[3,1],[7,1],[10001,1],[29905,1],[10451,1],[40112,1],[40212,1],[40312,1],[40412,1],[10601,1],[10480,1]]","[[5,1800],[22,1815],[1,1990],[7,13]]","[[3,1],[7,1],[10001,1],[29905,1],[10451,1],[40112,1],[40212,1],[40312,1],[40412,1],[10601,1],[10480,1]]"
140180,140180,14,4,0,642573,"[[3,1],[7,1],[10001,1],[29905,1],[10451,1],[40112,1],[40212,1],[40312,1],[40412,1]]","[[5,1800],[22,1815],[1,1990],[7,13]]","[[3,1],[7,1],[10001,1],[29905,1],[10451,1],[40112,1],[40212,1],[40312,1],[40412,1],[10601,1],[10480,1]]","[[5,1800],[22,1815],[1,1990],[7,13]]","[[3,1],[7,1],[10001,1],[29905,1],[10451,1],[40112,1],[40212,1],[40312,1],[40412,1],[10601,1],[10480,1]]"
140170,140170,14,4,0,642311,"[[3,1],[7,1],[10001,1],[29905,1],[10451,1],[40112,1],[40212,1],[40312,1],[40412,1]]","[[5,1790],[22,1815],[1,1990],[7,13]]","[[3,1],[7,1],[10001,1],[29905,1],[10451,1],[40112,1],[40212,1],[40312,1],[40412,1],[10601,1],[10480,1]]","[[5,1790],[22,1815],[1,1990],[7,13]]","[[3,1],[7,1],[10001,1],[29905,1],[10451,1],[40112,1],[40212,1],[40312,1],[40412,1],[10601,1],[10480,1]]"
140160,140160,14,4,0,642048,"[[3,1],[7,1],[10001,1],[29905,1],[10451,1],[40112,1],[40212,1],[40312,1],[40412,1]]","[[5,1790],[22,1805],[1,1980],[7,13]]","[[3,1],[7,1],[10001,1],[29905,1],[10451,1],[40112,1],[40212,1],[40312,1],[40412,1],[10601,1],[10480,1]]","[[5,1790],[22,1805],[1,1980],[7,13]]","[[3,1],[7,1],[10001,1],[29905,1],[10451,1],[40112,1],[40212,1],[40312,1],[40412,1],[10601,1],[10480,1]]"
140150,140150,14,4,1,641786,"[[3,1],[7,1],[10001,1],[29905,1],[10451,1],[40112,1],[40212,1],[40312,1],[40412,1]]","[[5,1790],[22,1805],[1,1980],[7,13]]","[[3,1],[7,1],[10001,1],[29905,1],[10451,1],[40112,1],[40212,1],[40312,1],[40412,1],[10601,1],[10480,1]]","[[5,1790],[22,1805],[1,1980],[7,13]]","[[3,1],[7,1],[10001,1],[29905,1],[10451,1],[40112,1],[40212,1],[40312,1],[40412,1],[10601,1],[10480,1]]"
140140,140140,14,4,0,635911,"[[3,1],[7,1],[10001,1],[29905,1],[10451,1],[40112,1],[40212,1],[40312,1],[40412,1]]","[[5,1780],[22,1805],[1,1980],[7,13]]","[[3,1],[7,1],[10001,1],[29905,1],[10451,1],[40112,1],[40212,1],[40312,1],[40412,1],[10601,1],[10480,1]]","[[5,1780],[22,1805],[1,1980],[7,13]]","[[3,1],[7,1],[10001,1],[29905,1],[10451,1],[40112,1],[40212,1],[40312,1],[40412,1],[10601,1],[10480,1]]"
140130,140130,14,4,0,635649,"[[3,1],[7,1],[10001,1],[29905,1],[10451,1],[40112,1],[40212,1],[40312,1],[40412,1]]","[[5,1780],[22,1795],[1,1970],[7,13]]","[[3,1],[7,1],[10001,1],[29905,1],[10451,1],[40112,1],[40212,1],[40312,1],[40412,1],[10601,1],[10480,1]]","[[5,1780],[22,1795],[1,1970],[7,13]]","[[3,1],[7,1],[10001,1],[29905,1],[10451,1],[40112,1],[40212,1],[40312,1],[40412,1],[10601,1],[10480,1]]"
140120,140120,14,4,0,635386,"[[3,1],[7,1],[10001,1],[29905,1],[10451,1],[40112,1],[40212,1],[40312,1],[40412,1]]","[[5,1780],[22,1795],[1,1970],[7,13]]","[[3,1],[7,1],[10001,1],[29905,1],[10451,1],[40112,1],[40212,1],[40312,1],[40412,1],[10601,1],[10480,1]]","[[5,1780],[22,1795],[1,1970],[7,13]]","[[3,1],[7,1],[10001,1],[29905,1],[10451,1],[40112,1],[40212,1],[40312,1],[40412,1],[10601,1],[10480,1]]"
140110,140110,14,4,0,635124,"[[3,1],[7,1],[10001,1],[29905,1],[10451,1],[40112,1],[40212,1],[40312,1],[40412,1]]","[[5,1770],[22,1795],[1,1970],[7,13]]","[[3,1],[7,1],[10001,1],[29905,1],[10451,1],[40112,1],[40212,1],[40312,1],[40412,1],[10601,1],[10480,1]]","[[5,1770],[22,1795],[1,1970],[7,13]]","[[3,1],[7,1],[10001,1],[29905,1],[10451,1],[40112,1],[40212,1],[40312,1],[40412,1],[10601,1],[10480,1]]"
140100,140100,14,4,1,634861,"[[3,1],[7,1],[10001,1],[29905,1],[10451,1],[40112,1],[40212,1],[40312,1],[40412,1]]","[[5,1770],[22,1785],[1,1960],[7,13]]","[[3,1],[7,1],[10001,1],[29905,1],[10451,1],[40112,1],[40212,1],[40312,1],[40412,1],[10601,1],[10480,1]]","[[5,1770],[22,1785],[1,1960],[7,13]]","[[3,1],[7,1],[10001,1],[29905,1],[10451,1],[40112,1],[40212,1],[40312,1],[40412,1],[10601,1],[10480,1]]"
140090,140090,14,4,0,634599,"[[3,1],[7,1],[10001,1],[29905,1],[10451,1],[40112,1],[40212,1],[40312,1],[40412,1]]","[[5,1770],[22,1785],[1,1960],[7,13]]","[[3,1],[7,1],[10001,1],[29905,1],[10451,1],[40112,1],[40212,1],[40312,1],[40412,1],[10601,1],[10480,1]]","[[5,1770],[22,1785],[1,1960],[7,13]]","[[3,1],[7,1],[10001,1],[29905,1],[10451,1],[40112,1],[40212,1],[40312,1],[40412,1],[10601,1],[10480,1]]"
140080,140080,14,4,0,634336,"[[3,1],[7,1],[10001,1],[29905,1],[10451,1],[40112,1],[40212,1],[40312,1],[40412,1]]","[[5,1760],[22,1785],[1,1960],[7,13]]","[[3,1],[7,1],[10001,1],[29905,1],[10451,1],[40112,1],[40212,1],[40312,1],[40412,1],[10601,1],[10480,1]]","[[5,1760],[22,1785],[1,1960],[7,13]]","[[3,1],[7,1],[10001,1],[29905,1],[10451,1],[40112,1],[40212,1],[40312,1],[40412,1],[10601,1],[10480,1]]"
140070,140070,14,4,0,634074,"[[3,1],[7,1],[10001,1],[29905,1],[10451,1],[40112,1],[40212,1],[40312,1],[40412,1]]","[[5,1760],[22,1775],[1,1950],[7,13]]","[[3,1],[7,1],[10001,1],[29905,1],[10451,1],[40112,1],[40212,1],[40312,1],[40412,1],[10601,1],[10480,1]]","[[5,1760],[22,1775],[1,1950],[7,13]]","[[3,1],[7,1],[10001,1],[29905,1],[10451,1],[40112,1],[40212,1],[40312,1],[40412,1],[10601,1],[10480,1]]"
140060,140060,14,4,0,628173,"[[3,1],[7,1],[10001,1],[29905,1],[10451,1],[40112,1],[40212,1],[40312,1],[40412,1]]","[[5,1760],[22,1775],[1,1950],[7,13]]","[[3,1],[7,1],[10001,1],[29905,1],[10451,1],[40112,1],[40212,1],[40312,1],[40412,1],[10601,1],[10480,1]]","[[5,1760],[22,1775],[1,1950],[7,13]]","[[3,1],[7,1],[10001,1],[29905,1],[10451,1],[40112,1],[40212,1],[40312,1],[40412,1],[10601,1],[10480,1]]"
140050,140050,14,4,1,627910,"[[3,1],[7,1],[10001,1],[29905,1],[10451,1],[40112,1],[40212,1],[40312,1],[40412,1]]","[[5,1750],[22,1775],[1,1950],[7,13]]","[[3,1],[7,1],[10001,1],[29905,1],[10451,1],[40112,1],[40212,1],[40312,1],[40412,1],[10601,1],[10480,1]]","[[5,1750],[22,1775],[1,1950],[7,13]]","[[3,1],[7,1],[10001,1],[29905,1],[10451,1],[40112,1],[40212,1],[40312,1],[40412,1],[10601,1],[10480,1]]"
140040,140040,14,4,0,627648,"[[3,1],[7,1],[10001,1],[29905,1],[10451,1],[40112,1],[40212,1],[40312,1],[40412,1]]","[[5,1750],[22,1765],[1,1940],[7,13]]","[[3,1],[7,1],[10001,1],[29905,1],[10451,1],[40112,1],[40212,1],[40312,1],[40412,1],[10601,1],[10480,1]]","[[5,1750],[22,1765],[1,1940],[7,13]]","[[3,1],[7,1],[10001,1],[29905,1],[10451,1],[40112,1],[40212,1],[40312,1],[40412,1],[10601,1],[10480,1]]"
140030,140030,14,4,0,627385,"[[3,1],[7,1],[10001,1],[29905,1],[10451,1],[40112,1],[40212,1],[40312,1],[40412,1]]","[[5,1750],[22,1765],[1,1940],[7,13]]","[[3,1],[7,1],[10001,1],[29905,1],[10451,1],[40112,1],[40212,1],[40312,1],[40412,1],[10601,1],[10480,1]]","[[5,1750],[22,1765],[1,1940],[7,13]]","[[3,1],[7,1],[10001,1],[29905,1],[10451,1],[40112,1],[40212,1],[40312,1],[40412,1],[10601,1],[10480,1]]"
140020,140020,14,4,0,627123,"[[3,1],[7,1],[10001,1],[29905,1],[10451,1],[40112,1],[40212,1],[40312,1],[40412,1]]","[[5,1740],[22,1765],[1,1940],[7,13]]","[[3,1],[7,1],[10001,1],[29905,1],[10451,1],[40112,1],[40212,1],[40312,1],[40412,1],[10601,1],[10480,1]]","[[5,1740],[22,1765],[1,1940],[7,13]]","[[3,1],[7,1],[10001,1],[29905,1],[10451,1],[40112,1],[40212,1],[40312,1],[40412,1],[10601,1],[10480,1]]"
140010,140010,14,4,0,626860,"[[3,1],[7,1],[10001,1],[29905,1],[10451,1],[40112,1],[40212,1],[40312,1],[40412,1]]","[[5,1740],[22,1755],[1,1930],[7,13]]","[[3,1],[7,1],[10001,1],[29905,1],[10451,1],[40112,1],[40212,1],[40312,1],[40412,1],[10601,1],[10480,1]]","[[5,1740],[22,1755],[1,1930],[7,13]]","[[3,1],[7,1],[10001,1],[29905,1],[10451,1],[40112,1],[40212,1],[40312,1],[40412,1],[10601,1],[10480,1]]"
130400,130400,13,4,1,626598,"[[3,1],[7,1],[10001,1],[29905,1],[10451,1],[40112,1],[40212,1],[40312,1],[40412,1]]","[[5,1740],[22,1755],[1,1930],[7,13]]","[[3,1],[7,1],[10001,1],[29905,1],[10451,1],[40112,1],[40212,1],[40312,1],[40412,1],[10601,1],[10480,1]]","[[5,1740],[22,1755],[1,1930],[7,13]]","[[3,1],[7,1],[10001,1],[29905,1],[10451,1],[40112,1],[40212,1],[40312,1],[40412,1],[10601,1],[10480,1]]"
130390,130390,13,4,0,626335,"[[3,1],[7,1],[10001,1],[29905,1],[10451,1],[40112,1],[40212,1],[40312,1],[40412,1]]","[[5,1730],[22,1755],[1,1930],[7,13]]","[[3,1],[7,1],[10001,1],[29905,1],[10451,1],[40112,1],[40212,1],[40312,1],[40412,1],[10601,1],[10480,1]]","[[5,1730],[22,1755],[1,1930],[7,13]]","[[3,1],[7,1],[10001,1],[29905,1],[10451,1],[40112,1],[40212,1],[40312,1],[40412,1],[10601,1],[10480,1]]"
130380,130380,13,4,0,620424,"[[3,1],[7,1],[10001,1],[29905,1],[10451,1],[40112,1],[40212,1],[40312,1],[40412,1]]","[[5,1730],[22,1745],[1,1920],[7,13]]","[[3,1],[7,1],[10001,1],[29905,1],[10451,1],[40112,1],[40212,1],[40312,1],[40412,1],[10601,1],[10480,1]]","[[5,1730],[22,1745],[1,1920],[7,13]]","[[3,1],[7,1],[10001,1],[29905,1],[10451,1],[40112,1],[40212,1],[40312,1],[40412,1],[10601,1],[10480,1]]"
130370,130370,13,4,0,620161,"[[3,1],[7,1],[10001,1],[29905,1],[10451,1],[40112,1],[40212,1],[40312,1],[40412,1]]","[[5,1730],[22,1745],[1,1920],[7,13]]","[[3,1],[7,1],[10001,1],[29905,1],[10451,1],[40112,1],[40212,1],[40312,1],[40412,1],[10601,1],[10480,1]]","[[5,1730],[22,1745],[1,1920],[7,13]]","[[3,1],[7,1],[10001,1],[29905,1],[10451,1],[40112,1],[40212,1],[40312,1],[40412,1],[10601,1],[10480,1]]"
130360,130360,13,4,0,619899,"[[3,1],[7,1],[10001,1],[29905,1],[10451,1],[40112,1],[40212,1],[40312,1],[40412,1]]","[[5,1720],[22,1745],[1,1920],[7,13]]","[[3,1],[7,1],[10001,1],[29905,1],[10451,1],[40112,1],[40212,1],[40312,1],[40412,1],[10601,1],[10480,1]]","[[5,1720],[22,1745],[1,1920],[7,13]]","[[3,1],[7,1],[10001,1],[29905,1],[10451,1],[40112,1],[40212,1],[40312,1],[40412,1],[10601,1],[10480,1]]"
130350,130350,13,4,1,619636,"[[3,1],[7,1],[10001,1],[29905,1],[10451,1],[40112,1],[40212,1],[40312,1],[40412,1]]","[[5,1720],[22,1735],[1,1910],[7,13]]","[[3,1],[7,1],[10001,1],[29905,1],[10451,1],[40112,1],[40212,1],[40312,1],[40412,1],[10601,1],[10480,1]]","[[5,1720],[22,1735],[1,1910],[7,13]]","[[3,1],[7,1],[10001,1],[29905,1],[10451,1],[40112,1],[40212,1],[40312,1],[40412,1],[10601,1],[10480,1]]"
130340,130340,13,4,0,619374,"[[3,1],[7,1],[10001,1],[29905,1],[10451,1],[40112,1],[40212,1],[40312,1],[40412,1]]","[[5,1720],[22,1735],[1,1910],[7,13]]","[[3,1],[7,1],[10001,1],[29905,1],[10451,1],[40112,1],[40212,1],[40312,1],[40412,1],[10601,1],[10480,1]]","[[5,1720],[22,1735],[1,1910],[7,13]]","[[3,1],[7,1],[10001,1],[29905,1],[10451,1],[40112,1],[40212,1],[40312,1],[40412,1],[10601,1],[10480,1]]"
130330,130330,13,4,0,619111,"[[3,1],[7,1],[10001,1],[29905,1],[10451,1],[40112,1],[40212,1],[40312,1],[40412,1]]","[[5,1710],[22,1735],[1,1910],[7,13]]","[[3,1],[7,1],[10001,1],[29905,1],[10451,1],[40112,1],[40212,1],[40312,1],[40412,1],[10601,1],[10480,1]]","[[5,1710],[22,1735],[1,1910],[7,13]]","[[3,1],[7,1],[10001,1],[29905,1],[10451,1],[40112,1],[40212,1],[40312,1],[40412,1],[10601,1],[10480,1]]"
130320,130320,13,4,0,618849,"[[3,1],[7,1],[10001,1],[29905,1],[10451,1],[40112,1],[40212,1],[40312,1],[40412,1]]","[[5,1710],[22,1725],[1,1900],[7,13]]","[[3,1],[7,1],[10001,1],[29905,1],[10451,1],[40112,1],[40212,1],[40312,1],[40412,1],[10601,1],[10480,1]]","[[5,1710],[22,1725],[1,1900],[7,13]]","[[3,1],[7,1],[10001,1],[29905,1],[10451,1],[40112,1],[40212,1],[40312,1],[40412,1],[10601,1],[10480,1]]"
130310,130310,13,4,0,618586,"[[3,1],[7,1],[10001,1],[29905,1],[10451,1],[40112,1],[40212,1],[40312,1],[40412,1]]","[[5,1710],[22,1725],[1,1900],[7,13]]","[[3,1],[7,1],[10001,1],[29905,1],[10451,1],[40112,1],[40212,1],[40312,1],[40412,1],[10601,1],[10480,1]]","[[5,1710],[22,1725],[1,1900],[7,13]]","[[3,1],[7,1],[10001,1],[29905,1],[10451,1],[40112,1],[40212,1],[40312,1],[40412,1],[10601,1],[10480,1]]"
130300,130300,13,4,1,612727,"[[3,1],[7,1],[10001,1],[29905,1],[10451,1],[40112,1],[40212,1],[40312,1],[40412,1]]","[[5,1700],[22,1725],[1,1900],[7,13]]","[[3,1],[7,1],[10001,1],[29905,1],[10451,1],[40112,1],[40212,1],[40312,1],[40412,1],[10601,1],[10480,1]]","[[5,1700],[22,1725],[1,1900],[7,13]]","[[3,1],[7,1],[10001,1],[29905,1],[10451,1],[40112,1],[40212,1],[40312,1],[40412,1],[10601,1],[10480,1]]"
130290,130290,13,4,0,612465,"[[3,1],[7,1],[10001,1],[29905,1],[10451,1],[40112,1],[40212,1],[40312,1],[40412,1]]","[[5,1700],[22,1715],[1,1890],[7,13]]","[[3,1],[7,1],[10001,1],[29905,1],[10451,1],[40112,1],[40212,1],[40312,1],[40412,1],[10601,1],[10480,1]]","[[5,1700],[22,1715],[1,1890],[7,13]]","[[3,1],[7,1],[10001,1],[29905,1],[10451,1],[40112,1],[40212,1],[40312,1],[40412,1],[10601,1],[10480,1]]"
130280,130280,13,4,0,612202,"[[3,1],[7,1],[10001,1],[29905,1],[10451,1],[40112,1],[40212,1],[40312,1],[40412,1]]","[[5,1700],[22,1715],[1,1890],[7,13]]","[[3,1],[7,1],[10001,1],[29905,1],[10451,1],[40112,1],[40212,1],[40312,1],[40412,1],[10601,1],[10480,1]]","[[5,1700],[22,1715],[1,1890],[7,13]]","[[3,1],[7,1],[10001,1],[29905,1],[10451,1],[40112,1],[40212,1],[40312,1],[40412,1],[10601,1],[10480,1]]"
130270,130270,13,4,0,611940,"[[3,1],[7,1],[10001,1],[29905,1],[10451,1],[40112,1],[40212,1],[40312,1],[40412,1]]","[[5,1690],[22,1715],[1,1890],[7,13]]","[[3,1],[7,1],[10001,1],[29905,1],[10451,1],[40112,1],[40212,1],[40312,1],[40412,1],[10601,1],[10480,1]]","[[5,1690],[22,1715],[1,1890],[7,13]]","[[3,1],[7,1],[10001,1],[29905,1],[10451,1],[40112,1],[40212,1],[40312,1],[40412,1],[10601,1],[10480,1]]"
130260,130260,13,4,0,611677,"[[3,1],[7,1],[10001,1],[29905,1],[10451,1],[40112,1],[40212,1],[40312,1],[40412,1]]","[[5,1690],[22,1705],[1,1880],[7,13]]","[[3,1],[7,1],[10001,1],[29905,1],[10451,1],[40112,1],[40212,1],[40312,1],[40412,1],[10601,1],[10480,1]]","[[5,1690],[22,1705],[1,1880],[7,13]]","[[3,1],[7,1],[10001,1],[29905,1],[10451,1],[40112,1],[40212,1],[40312,1],[40412,1],[10601,1],[10480,1]]"
130250,130250,13,4,1,611415,"[[3,1],[7,1],[10001,1],[29905,1],[10451,1],[40112,1],[40212,1],[40312,1],[40412,1]]","[[5,1690],[22,1705],[1,1880],[7,13]]","[[3,1],[7,1],[10001,1],[29905,1],[10451,1],[40112,1],[40212,1],[40312,1],[40412,1],[10601,1],[10480,1]]","[[5,1690],[22,1705],[1,1880],[7,13]]","[[3,1],[7,1],[10001,1],[29905,1],[10451,1],[40112,1],[40212,1],[40312,1],[40412,1],[10601,1],[10480,1]]"
130240,130240,13,4,0,611152,"[[3,1],[7,1],[10001,1],[29905,1],[10451,1],[40112,1],[40212,1],[40312,1],[40412,1]]","[[5,1680],[22,1705],[1,1880],[7,13]]","[[3,1],[7,1],[10001,1],[29905,1],[10451,1],[40112,1],[40212,1],[40312,1],[40412,1],[10601,1],[10480,1]]","[[5,1680],[22,1705],[1,1880],[7,13]]","[[3,1],[7,1],[10001,1],[29905,1],[10451,1],[40112,1],[40212,1],[40312,1],[40412,1],[10601,1],[10480,1]]"
130230,130230,13,4,0,610890,"[[3,1],[7,1],[10001,1],[29905,1],[10451,1],[40112,1],[40212,1],[40312,1],[40412,1]]","[[5,1680],[22,1695],[1,1870],[7,13]]","[[3,1],[7,1],[10001,1],[29905,1],[10451,1],[40112,1],[40212,1],[40312,1],[40412,1],[10601,1],[10480,1]]","[[5,1680],[22,1695],[1,1870],[7,13]]","[[3,1],[7,1],[10001,1],[29905,1],[10451,1],[40112,1],[40212,1],[40312,1],[40412,1],[10601,1],[10480,1]]"
130220,130220,13,4,0,604989,"[[3,1],[7,1],[10001,1],[29905,1],[10451,1],[40112,1],[40212,1],[40312,1],[40412,1]]","[[5,1680],[22,1695],[1,1870],[7,13]]","[[3,1],[7,1],[10001,1],[29905,1],[10451,1],[40112,1],[40212,1],[40312,1],[40412,1],[10601,1],[10480,1]]","[[5,1680],[22,1695],[1,1870],[7,13]]","[[3,1],[7,1],[10001,1],[29905,1],[10451,1],[40112,1],[40212,1],[40312,1],[40412,1],[10601,1],[10480,1]]"
130210,130210,13,4,0,604726,"[[3,1],[7,1],[10001,1],[29905,1],[10451,1],[40112,1],[40212,1],[40312,1],[40412,1]]","[[5,1670],[22,1695],[1,1870],[7,13]]","[[3,1],[7,1],[10001,1],[29905,1],[10451,1],[40112,1],[40212,1],[40312,1],[40412,1],[10601,1],[10480,1]]","[[5,1670],[22,1695],[1,1870],[7,13]]","[[3,1],[7,1],[10001,1],[29905,1],[10451,1],[40112,1],[40212,1],[40312,1],[40412,1],[10601,1],[10480,1]]"
130200,130200,13,4,1,604464,"[[3,1],[7,1],[10001,1],[29905,1],[10451,1],[40112,1],[40212,1],[40312,1],[40412,1]]","[[5,1670],[22,1685],[1,1860],[7,13]]","[[3,1],[7,1],[10001,1],[29905,1],[10451,1],[40112,1],[40212,1],[40312,1],[40412,1],[10601,1],[10480,1]]","[[5,1670],[22,1685],[1,1860],[7,13]]","[[3,1],[7,1],[10001,1],[29905,1],[10451,1],[40112,1],[40212,1],[40312,1],[40412,1],[10601,1],[10480,1]]"
130190,130190,13,4,0,604201,"[[3,1],[7,1],[10001,1],[29905,1],[10451,1],[40112,1],[40212,1],[40312,1],[40412,1]]","[[5,1670],[22,1685],[1,1860],[7,13]]","[[3,1],[7,1],[10001,1],[29905,1],[10451,1],[40112,1],[40212,1],[40312,1],[40412,1],[10601,1],[10480,1]]","[[5,1670],[22,1685],[1,1860],[7,13]]","[[3,1],[7,1],[10001,1],[29905,1],[10451,1],[40112,1],[40212,1],[40312,1],[40412,1],[10601,1],[10480,1]]"
130180,130180,13,4,0,603939,"[[3,1],[7,1],[10001,1],[29905,1],[10451,1],[40112,1],[40212,1],[40312,1],[40412,1]]","[[5,1660],[22,1685],[1,1860],[7,13]]","[[3,1],[7,1],[10001,1],[29905,1],[10451,1],[40112,1],[40212,1],[40312,1],[40412,1],[10601,1],[10480,1]]","[[5,1660],[22,1685],[1,1860],[7,13]]","[[3,1],[7,1],[10001,1],[29905,1],[10451,1],[40112,1],[40212,1],[40312,1],[40412,1],[10601,1],[10480,1]]"
130170,130170,13,4,0,603676,"[[3,1],[7,1],[10001,1],[29905,1],[10451,1],[40112,1],[40212,1],[40312,1],[40412,1]]","[[5,1660],[22,1675],[1,1850],[7,13]]","[[3,1],[7,1],[10001,1],[29905,1],[10451,1],[40112,1],[40212,1],[40312,1],[40412,1],[10601,1],[10480,1]]","[[5,1660],[22,1675],[1,1850],[7,13]]","[[3,1],[7,1],[10001,1],[29905,1],[10451,1],[40112,1],[40212,1],[40312,1],[40412,1],[10601,1],[10480,1]]"
130160,130160,13,4,0,603414,"[[3,1],[7,1],[10001,1],[29905,1],[10451,1],[40112,1],[40212,1],[40312,1],[40412,1]]","[[5,1660],[22,1675],[1,1850],[7,13]]","[[3,1],[7,1],[10001,1],[29905,1],[10451,1],[40112,1],[40212,1],[40312,1],[40412,1],[10601,1],[10480,1]]","[[5,1660],[22,1675],[1,1850],[7,13]]","[[3,1],[7,1],[10001,1],[29905,1],[10451,1],[40112,1],[40212,1],[40312,1],[40412,1],[10601,1],[10480,1]]"
130150,130150,13,4,1,603151,"[[3,1],[7,1],[10001,1],[29905,1],[10451,1],[40112,1],[40212,1],[40312,1],[40412,1]]","[[5,1650],[22,1675],[1,1850],[7,13]]","[[3,1],[7,1],[10001,1],[29905,1],[10451,1],[40112,1],[40212,1],[40312,1],[40412,1],[10601,1],[10480,1]]","[[5,1650],[22,1675],[1,1850],[7,13]]","[[3,1],[7,1],[10001,1],[29905,1],[10451,1],[40112,1],[40212,1],[40312,1],[40412,1],[10601,1],[10480,1]]"
130140,130140,13,4,0,590126,"[[3,1],[7,1],[10001,1],[29905,1],[10451,1],[40112,1],[40212,1],[40312,1],[40412,1]]","[[5,1650],[22,1665],[1,1840],[7,13]]","[[3,1],[7,1],[10001,1],[29905,1],[10451,1],[40112,1],[40212,1],[40312,1],[40412,1],[10601,1],[10480,1]]","[[5,1650],[22,1665],[1,1840],[7,13]]","[[3,1],[7,1],[10001,1],[29905,1],[10451,1],[40112,1],[40212,1],[40312,1],[40412,1],[10601,1],[10480,1]]"
130130,130130,13,4,0,589863,"[[3,1],[7,1],[10001,1],[29905,1],[10451,1],[40112,1],[40212,1],[40312,1],[40412,1]]","[[5,1650],[22,1665],[1,1840],[7,13]]","[[3,1],[7,1],[10001,1],[29905,1],[10451,1],[40112,1],[40212,1],[40312,1],[40412,1],[10601,1],[10480,1]]","[[5,1650],[22,1665],[1,1840],[7,13]]","[[3,1],[7,1],[10001,1],[29905,1],[10451,1],[40112,1],[40212,1],[40312,1],[40412,1],[10601,1],[10480,1]]"
130120,130120,13,4,0,589601,"[[3,1],[7,1],[10001,1],[29905,1],[10451,1],[40112,1],[40212,1],[40312,1],[40412,1]]","[[5,1640],[22,1665],[1,1840],[7,13]]","[[3,1],[7,1],[10001,1],[29905,1],[10451,1],[40112,1],[40212,1],[40312,1],[40412,1],[10601,1],[10480,1]]","[[5,1640],[22,1665],[1,1840],[7,13]]","[[3,1],[7,1],[10001,1],[29905,1],[10451,1],[40112,1],[40212,1],[40312,1],[40412,1],[10601,1],[10480,1]]"
130110,130110,13,4,0,589338,"[[3,1],[7,1],[10001,1],[29905,1],[10451,1],[40112,1],[40212,1],[40312,1],[40412,1]]","[[5,1640],[22,1655],[1,1830],[7,13]]","[[3,1],[7,1],[10001,1],[29905,1],[10451,1],[40112,1],[40212,1],[40312,1],[40412,1],[10601,1],[10480,1]]","[[5,1640],[22,1655],[1,1830],[7,13]]","[[3,1],[7,1],[10001,1],[29905,1],[10451,1],[40112,1],[40212,1],[40312,1],[40412,1],[10601,1],[10480,1]]"
130100,130100,13,4,1,589076,"[[3,1],[7,1],[10001,1],[29905,1],[10451,1],[40112,1],[40212,1],[40312,1],[40412,1]]","[[5,1640],[22,1655],[1,1830],[7,13]]","[[3,1],[7,1],[10001,1],[29905,1],[10451,1],[40112,1],[40212,1],[40312,1],[40412,1],[10601,1],[10480,1]]","[[5,1640],[22,1655],[1,1830],[7,13]]","[[3,1],[7,1],[10001,1],[29905,1],[10451,1],[40112,1],[40212,1],[40312,1],[40412,1],[10601,1],[10480,1]]"
130090,130090,13,4,0,588813,"[[3,1],[7,1],[10001,1],[29905,1],[10451,1],[40112,1],[40212,1],[40312,1],[40412,1]]","[[5,1630],[22,1655],[1,1830],[7,13]]","[[3,1],[7,1],[10001,1],[29905,1],[10451,1],[40112,1],[40212,1],[40312,1],[40412,1],[10601,1],[10480,1]]","[[5,1630],[22,1655],[1,1830],[7,13]]","[[3,1],[7,1],[10001,1],[29905,1],[10451,1],[40112,1],[40212,1],[40312,1],[40412,1],[10601,1],[10480,1]]"
130080,130080,13,4,0,588551,"[[3,1],[7,1],[10001,1],[29905,1],[10451,1],[40112,1],[40212,1],[40312,1],[40412,1]]","[[5,1630],[22,1645],[1,1820],[7,13]]","[[3,1],[7,1],[10001,1],[29905,1],[10451,1],[40112,1],[40212,1],[40312,1],[40412,1],[10601,1],[10480,1]]","[[5,1630],[22,1645],[1,1820],[7,13]]","[[3,1],[7,1],[10001,1],[29905,1],[10451,1],[40112,1],[40212,1],[40312,1],[40412,1],[10601,1],[10480,1]]"
130070,130070,13,4,0,588288,"[[3,1],[7,1],[10001,1],[29905,1],[10451,1],[40112,1],[40212,1],[40312,1],[40412,1]]","[[5,1630],[22,1645],[1,1820],[7,13]]","[[3,1],[7,1],[10001,1],[29905,1],[10451,1],[40112,1],[40212,1],[40312,1],[40412,1],[10601,1],[10480,1]]","[[5,1630],[22,1645],[1,1820],[7,13]]","[[3,1],[7,1],[10001,1],[29905,1],[10451,1],[40112,1],[40212,1],[40312,1],[40412,1],[10601,1],[10480,1]]"
130060,130060,13,4,0,582839,"[[3,1],[7,1],[10001,1],[29905,1],[10451,1],[40112,1],[40212,1],[40312,1],[40412,1]]","[[5,1620],[22,1645],[1,1820],[7,13]]","[[3,1],[7,1],[10001,1],[29905,1],[10451,1],[40112,1],[40212,1],[40312,1],[40412,1],[10601,1],[10480,1]]","[[5,1620],[22,1645],[1,1820],[7,13]]","[[3,1],[7,1],[10001,1],[29905,1],[10451,1],[40112,1],[40212,1],[40312,1],[40412,1],[10601,1],[10480,1]]"
130050,130050,13,4,1,582576,"[[3,1],[7,1],[10001,1],[29905,1],[10451,1],[40112,1],[40212,1],[40312,1],[40412,1]]","[[5,1620],[22,1635],[1,1810],[7,13]]","[[3,1],[7,1],[10001,1],[29905,1],[10451,1],[40112,1],[40212,1],[40312,1],[40412,1],[10601,1],[10480,1]]","[[5,1620],[22,1635],[1,1810],[7,13]]","[[3,1],[7,1],[10001,1],[29905,1],[10451,1],[40112,1],[40212,1],[40312,1],[40412,1],[10601,1],[10480,1]]"
130040,130040,13,4,0,582314,"[[3,1],[7,1],[10001,1],[29905,1],[10451,1],[40112,1],[40212,1],[40312,1],[40412,1]]","[[5,1620],[22,1635],[1,1810],[7,13]]","[[3,1],[7,1],[10001,1],[29905,1],[10451,1],[40112,1],[40212,1],[40312,1],[40412,1],[10601,1],[10480,1]]","[[5,1620],[22,1635],[1,1810],[7,13]]","[[3,1],[7,1],[10001,1],[29905,1],[10451,1],[40112,1],[40212,1],[40312,1],[40412,1],[10601,1],[10480,1]]"
130030,130030,13,4,0,582051,"[[3,1],[7,1],[10001,1],[29905,1],[10451,1],[40112,1],[40212,1],[40312,1],[40412,1]]","[[5,1610],[22,1635],[1,1810],[7,13]]","[[3,1],[7,1],[10001,1],[29905,1],[10451,1],[40112,1],[40212,1],[40312,1],[40412,1],[10601,1],[10480,1]]","[[5,1610],[22,1635],[1,1810],[7,13]]","[[3,1],[7,1],[10001,1],[29905,1],[10451,1],[40112,1],[40212,1],[40312,1],[40412,1],[10601,1],[10480,1]]"
130020,130020,13,4,0,581789,"[[3,1],[7,1],[10001,1],[29905,1],[10451,1],[40112,1],[40212,1],[40312,1],[40412,1]]","[[5,1610],[22,1625],[1,1800],[7,13]]","[[3,1],[7,1],[10001,1],[29905,1],[10451,1],[40112,1],[40212,1],[40312,1],[40412,1],[10601,1],[10480,1]]","[[5,1610],[22,1625],[1,1800],[7,13]]","[[3,1],[7,1],[10001,1],[29905,1],[10451,1],[40112,1],[40212,1],[40312,1],[40412,1],[10601,1],[10480,1]]"
130010,130010,13,4,0,581526,"[[3,1],[7,1],[10001,1],[29905,1],[10451,1],[40112,1],[40212,1],[40312,1],[40412,1]]","[[5,1610],[22,1625],[1,1800],[7,13]]","[[3,1],[7,1],[10001,1],[29905,1],[10451,1],[40112,1],[40212,1],[40312,1],[40412,1],[10601,1],[10480,1]]","[[5,1610],[22,1625],[1,1800],[7,13]]","[[3,1],[7,1],[10001,1],[29905,1],[10451,1],[40112,1],[40212,1],[40312,1],[40412,1],[10601,1],[10480,1]]"
120400,120400,12,4,1,581264,"[[3,1],[7,1],[10001,1],[29905,1],[10451,1],[40112,1],[40212,1],[40312,1],[40412,1]]","[[5,1600],[22,1625],[1,1800],[7,13]]","[[3,1],[7,1],[10001,1],[29905,1],[10451,1],[40112,1],[40212,1],[40312,1],[40412,1],[10601,1],[10480,1]]","[[5,1600],[22,1625],[1,1800],[7,13]]","[[3,1],[7,1],[10001,1],[29905,1],[10451,1],[40112,1],[40212,1],[40312,1],[40412,1],[10601,1],[10480,1]]"
120390,120390,12,4,0,581001,"[[3,1],[7,1],[10001,1],[29905,1],[10451,1],[40112,1],[40212,1],[40312,1],[40412,1]]","[[5,1600],[22,1615],[1,1790],[7,13]]","[[3,1],[7,1],[10001,1],[29905,1],[10451,1],[40112,1],[40212,1],[40312,1],[40412,1],[10601,1],[10480,1]]","[[5,1600],[22,1615],[1,1790],[7,13]]","[[3,1],[7,1],[10001,1],[29905,1],[10451,1],[40112,1],[40212,1],[40312,1],[40412,1],[10601,1],[10480,1]]"
120380,120380,12,4,0,575557,"[[3,1],[7,1],[10001,1],[29905,1],[10451,1],[40112,1],[40212,1],[40312,1],[40412,1]]","[[5,1600],[22,1615],[1,1790],[7,13]]","[[3,1],[7,1],[10001,1],[29905,1],[10451,1],[40112,1],[40212,1],[40312,1],[40412,1],[10601,1],[10480,1]]","[[5,1600],[22,1615],[1,1790],[7,13]]","[[3,1],[7,1],[10001,1],[29905,1],[10451,1],[40112,1],[40212,1],[40312,1],[40412,1],[10601,1],[10480,1]]"
120370,120370,12,4,0,575295,"[[3,1],[7,1],[10001,1],[29905,1],[10451,1],[40112,1],[40212,1],[40312,1],[40412,1]]","[[5,1590],[22,1615],[1,1790],[7,13]]","[[3,1],[7,1],[10001,1],[29905,1],[10451,1],[40112,1],[40212,1],[40312,1],[40412,1],[10601,1],[10480,1]]","[[5,1590],[22,1615],[1,1790],[7,13]]","[[3,1],[7,1],[10001,1],[29905,1],[10451,1],[40112,1],[40212,1],[40312,1],[40412,1],[10601,1],[10480,1]]"
120360,120360,12,4,0,575032,"[[3,1],[7,1],[10001,1],[29905,1],[10451,1],[40112,1],[40212,1],[40312,1],[40412,1]]","[[5,1590],[22,1605],[1,1780],[7,13]]","[[3,1],[7,1],[10001,1],[29905,1],[10451,1],[40112,1],[40212,1],[40312,1],[40412,1],[10601,1],[10480,1]]","[[5,1590],[22,1605],[1,1780],[7,13]]","[[3,1],[7,1],[10001,1],[29905,1],[10451,1],[40112,1],[40212,1],[40312,1],[40412,1],[10601,1],[10480,1]]"
120350,120350,12,4,1,574770,"[[3,1],[7,1],[10001,1],[29905,1],[10451,1],[40112,1],[40212,1],[40312,1],[40412,1]]","[[5,1590],[22,1605],[1,1780],[7,13]]","[[3,1],[7,1],[10001,1],[29905,1],[10451,1],[40112,1],[40212,1],[40312,1],[40412,1],[10601,1],[10480,1]]","[[5,1590],[22,1605],[1,1780],[7,13]]","[[3,1],[7,1],[10001,1],[29905,1],[10451,1],[40112,1],[40212,1],[40312,1],[40412,1],[10601,1],[10480,1]]"
120340,120340,12,4,0,574507,"[[3,1],[7,1],[10001,1],[29905,1],[10451,1],[40112,1],[40212,1],[40312,1],[40412,1]]","[[5,1580],[22,1605],[1,1780],[7,13]]","[[3,1],[7,1],[10001,1],[29905,1],[10451,1],[40112,1],[40212,1],[40312,1],[40412,1],[10601,1],[10480,1]]","[[5,1580],[22,1605],[1,1780],[7,13]]","[[3,1],[7,1],[10001,1],[29905,1],[10451,1],[40112,1],[40212,1],[40312,1],[40412,1],[10601,1],[10480,1]]"
120330,120330,12,4,0,574245,"[[3,1],[7,1],[10001,1],[29905,1],[10451,1],[40112,1],[40212,1],[40312,1],[40412,1]]","[[5,1580],[22,1595],[1,1770],[7,13]]","[[3,1],[7,1],[10001,1],[29905,1],[10451,1],[40112,1],[40212,1],[40312,1],[40412,1],[10601,1],[10480,1]]","[[5,1580],[22,1595],[1,1770],[7,13]]","[[3,1],[7,1],[10001,1],[29905,1],[10451,1],[40112,1],[40212,1],[40312,1],[40412,1],[10601,1],[10480,1]]"
120320,120320,12,4,0,573982,"[[3,1],[7,1],[10001,1],[29905,1],[10451,1],[40112,1],[40212,1],[40312,1],[40412,1]]","[[5,1580],[22,1595],[1,1770],[7,13]]","[[3,1],[7,1],[10001,1],[29905,1],[10451,1],[40112,1],[40212,1],[40312,1],[40412,1],[10601,1],[10480,1]]","[[5,1580],[22,1595],[1,1770],[7,13]]","[[3,1],[7,1],[10001,1],[29905,1],[10451,1],[40112,1],[40212,1],[40312,1],[40412,1],[10601,1],[10480,1]]"
120310,120310,12,4,0,573720,"[[3,1],[7,1],[10001,1],[29905,1],[10451,1],[40112,1],[40212,1],[40312,1],[40412,1]]","[[5,1570],[22,1595],[1,1770],[7,13]]","[[3,1],[7,1],[10001,1],[29905,1],[10451,1],[40112,1],[40212,1],[40312,1],[40412,1],[10601,1],[10480,1]]","[[5,1570],[22,1595],[1,1770],[7,13]]","[[3,1],[7,1],[10001,1],[29905,1],[10451,1],[40112,1],[40212,1],[40312,1],[40412,1],[10601,1],[10480,1]]"
120300,120300,12,4,1,568307,"[[3,1],[7,1],[10001,1],[29905,1],[10451,1],[40112,1],[40212,1],[40312,1],[40412,1]]","[[5,1570],[22,1585],[1,1760],[7,13]]","[[3,1],[7,1],[10001,1],[29905,1],[10451,1],[40112,1],[40212,1],[40312,1],[40412,1],[10601,1],[10480,1]]","[[5,1570],[22,1585],[1,1760],[7,13]]","[[3,1],[7,1],[10001,1],[29905,1],[10451,1],[40112,1],[40212,1],[40312,1],[40412,1],[10601,1],[10480,1]]"
120290,120290,12,4,0,568044,"[[3,1],[7,1],[10001,1],[29905,1],[10451,1],[40112,1],[40212,1],[40312,1],[40412,1]]","[[5,1570],[22,1585],[1,1760],[7,13]]","[[3,1],[7,1],[10001,1],[29905,1],[10451,1],[40112,1],[40212,1],[40312,1],[40412,1],[10601,1],[10480,1]]","[[5,1570],[22,1585],[1,1760],[7,13]]","[[3,1],[7,1],[10001,1],[29905,1],[10451,1],[40112,1],[40212,1],[40312,1],[40412,1],[10601,1],[10480,1]]"
120280,120280,12,4,0,567782,"[[3,1],[7,1],[10001,1],[29905,1],[10451,1],[40112,1],[40212,1],[40312,1],[40412,1]]","[[5,1560],[22,1585],[1,1760],[7,13]]","[[3,1],[7,1],[10001,1],[29905,1],[10451,1],[40112,1],[40212,1],[40312,1],[40412,1],[10601,1],[10480,1]]","[[5,1560],[22,1585],[1,1760],[7,13]]","[[3,1],[7,1],[10001,1],[29905,1],[10451,1],[40112,1],[40212,1],[40312,1],[40412,1],[10601,1],[10480,1]]"
120270,120270,12,4,0,567519,"[[3,1],[7,1],[10001,1],[29905,1],[10451,1],[40112,1],[40212,1],[40312,1],[40412,1]]","[[5,1560],[22,1575],[1,1750],[7,13]]","[[3,1],[7,1],[10001,1],[29905,1],[10451,1],[40112,1],[40212,1],[40312,1],[40412,1],[10601,1],[10480,1]]","[[5,1560],[22,1575],[1,1750],[7,13]]","[[3,1],[7,1],[10001,1],[29905,1],[10451,1],[40112,1],[40212,1],[40312,1],[40412,1],[10601,1],[10480,1]]"
120260,120260,12,4,0,567257,"[[3,1],[7,1],[10001,1],[29905,1],[10451,1],[40112,1],[40212,1],[40312,1],[40412,1]]","[[5,1560],[22,1575],[1,1750],[7,13]]","[[3,1],[7,1],[10001,1],[29905,1],[10451,1],[40112,1],[40212,1],[40312,1],[40412,1],[10601,1],[10480,1]]","[[5,1560],[22,1575],[1,1750],[7,13]]","[[3,1],[7,1],[10001,1],[29905,1],[10451,1],[40112,1],[40212,1],[40312,1],[40412,1],[10601,1],[10480,1]]"
120250,120250,12,4,1,566994,"[[3,1],[7,1],[10001,1],[29905,1],[10451,1],[40112,1],[40212,1],[40312,1],[40412,1]]","[[5,1550],[22,1575],[1,1750],[7,13]]","[[3,1],[7,1],[10001,1],[29905,1],[10451,1],[40112,1],[40212,1],[40312,1],[40412,1],[10601,1],[10480,1]]","[[5,1550],[22,1575],[1,1750],[7,13]]","[[3,1],[7,1],[10001,1],[29905,1],[10451,1],[40112,1],[40212,1],[40312,1],[40412,1],[10601,1],[10480,1]]"
120240,120240,12,4,0,566732,"[[3,1],[7,1],[10001,1],[29905,1],[10451,1],[40112,1],[40212,1],[40312,1],[40412,1]]","[[5,1550],[22,1565],[1,1740],[7,13]]","[[3,1],[7,1],[10001,1],[29905,1],[10451,1],[40112,1],[40212,1],[40312,1],[40412,1],[10601,1],[10480,1]]","[[5,1550],[22,1565],[1,1740],[7,13]]","[[3,1],[7,1],[10001,1],[29905,1],[10451,1],[40112,1],[40212,1],[40312,1],[40412,1],[10601,1],[10480,1]]"
120230,120230,12,4,0,566469,"[[3,1],[7,1],[10001,1],[29905,1],[10451,1],[40112,1],[40212,1],[40312,1],[40412,1]]","[[5,1550],[22,1565],[1,1740],[7,13]]","[[3,1],[7,1],[10001,1],[29905,1],[10451,1],[40112,1],[40212,1],[40312,1],[40412,1],[10601,1],[10480,1]]","[[5,1550],[22,1565],[1,1740],[7,13]]","[[3,1],[7,1],[10001,1],[29905,1],[10451,1],[40112,1],[40212,1],[40312,1],[40412,1],[10601,1],[10480,1]]"
120220,120220,12,4,0,561015,"[[3,1],[7,1],[10001,1],[29905,1],[10451,1],[40112,1],[40212,1],[40312,1],[40412,1]]","[[5,1540],[22,1565],[1,1740],[7,13]]","[[3,1],[7,1],[10001,1],[29905,1],[10451,1],[40112,1],[40212,1],[40312,1],[40412,1],[10601,1],[10480,1]]","[[5,1540],[22,1565],[1,1740],[7,13]]","[[3,1],[7,1],[10001,1],[29905,1],[10451,1],[40112,1],[40212,1],[40312,1],[40412,1],[10601,1],[10480,1]]"
120210,120210,12,4,0,560752,"[[3,1],[7,1],[10001,1],[29905,1],[10451,1],[40112,1],[40212,1],[40312,1],[40412,1]]","[[5,1540],[22,1555],[1,1730],[7,13]]","[[3,1],[7,1],[10001,1],[29905,1],[10451,1],[40112,1],[40212,1],[40312,1],[40412,1],[10601,1],[10480,1]]","[[5,1540],[22,1555],[1,1730],[7,13]]","[[3,1],[7,1],[10001,1],[29905,1],[10451,1],[40112,1],[40212,1],[40312,1],[40412,1],[10601,1],[10480,1]]"
120200,120200,12,4,1,560490,"[[3,1],[7,1],[10001,1],[29905,1],[10451,1],[40112,1],[40212,1],[40312,1],[40412,1]]","[[5,1540],[22,1555],[1,1730],[7,13]]","[[3,1],[7,1],[10001,1],[29905,1],[10451,1],[40112,1],[40212,1],[40312,1],[40412,1],[10601,1],[10480,1]]","[[5,1540],[22,1555],[1,1730],[7,13]]","[[3,1],[7,1],[10001,1],[29905,1],[10451,1],[40112,1],[40212,1],[40312,1],[40412,1],[10601,1],[10480,1]]"
120190,120190,12,4,0,560227,"[[3,1],[7,1],[10001,1],[29905,1],[10451,1],[40112,1],[40212,1],[40312,1],[40412,1]]","[[5,1530],[22,1555],[1,1730],[7,13]]","[[3,1],[7,1],[10001,1],[29905,1],[10451,1],[40112,1],[40212,1],[40312,1],[40412,1],[10601,1],[10480,1]]","[[5,1530],[22,1555],[1,1730],[7,13]]","[[3,1],[7,1],[10001,1],[29905,1],[10451,1],[40112,1],[40212,1],[40312,1],[40412,1],[10601,1],[10480,1]]"
120180,120180,12,4,0,559965,"[[3,1],[7,1],[10001,1],[29905,1],[10451,1],[40112,1],[40212,1],[40312,1],[40412,1]]","[[5,1530],[22,1545],[1,1720],[7,13]]","[[3,1],[7,1],[10001,1],[29905,1],[10451,1],[40112,1],[40212,1],[40312,1],[40412,1],[10601,1],[10480,1]]","[[5,1530],[22,1545],[1,1720],[7,13]]","[[3,1],[7,1],[10001,1],[29905,1],[10451,1],[40112,1],[40212,1],[40312,1],[40412,1],[10601,1],[10480,1]]"
120170,120170,12,4,0,559702,"[[3,1],[7,1],[10001,1],[29905,1],[10451,1],[40112,1],[40212,1],[40312,1],[40412,1]]","[[5,1530],[22,1545],[1,1720],[7,13]]","[[3,1],[7,1],[10001,1],[29905,1],[10451,1],[40112,1],[40212,1],[40312,1],[40412,1],[10601,1],[10480,1]]","[[5,1530],[22,1545],[1,1720],[7,13]]","[[3,1],[7,1],[10001,1],[29905,1],[10451,1],[40112,1],[40212,1],[40312,1],[40412,1],[10601,1],[10480,1]]"
120160,120160,12,4,0,559440,"[[3,1],[7,1],[10001,1],[29905,1],[10451,1],[40112,1],[40212,1],[40312,1],[40412,1]]","[[5,1520],[22,1545],[1,1720],[7,13]]","[[3,1],[7,1],[10001,1],[29905,1],[10451,1],[40112,1],[40212,1],[40312,1],[40412,1],[10601,1],[10480,1]]","[[5,1520],[22,1545],[1,1720],[7,13]]","[[3,1],[7,1],[10001,1],[29905,1],[10451,1],[40112,1],[40212,1],[40312,1],[40412,1],[10601,1],[10480,1]]"
120150,120150,12,4,1,559177,"[[3,1],[7,1],[10001,1],[29905,1],[10451,1],[40112,1],[40212,1],[40312,1],[40412,1]]","[[5,1520],[22,1535],[1,1710],[7,13]]","[[3,1],[7,1],[10001,1],[29905,1],[10451,1],[40112,1],[40212,1],[40312,1],[40412,1],[10601,1],[10480,1]]","[[5,1520],[22,1535],[1,1710],[7,13]]","[[3,1],[7,1],[10001,1],[29905,1],[10451,1],[40112,1],[40212,1],[40312,1],[40412,1],[10601,1],[10480,1]]"
120140,120140,12,4,0,549412,"[[3,1],[7,1],[10001,1],[29905,1],[10451,1],[40112,1],[40212,1],[40312,1],[40412,1]]","[[5,1520],[22,1535],[1,1710],[7,13]]","[[3,1],[7,1],[10001,1],[29905,1],[10451,1],[40112,1],[40212,1],[40312,1],[40412,1],[10601,1],[10480,1]]","[[5,1520],[22,1535],[1,1710],[7,13]]","[[3,1],[7,1],[10001,1],[29905,1],[10451,1],[40112,1],[40212,1],[40312,1],[40412,1],[10601,1],[10480,1]]"
120130,120130,12,4,0,549150,"[[3,1],[7,1],[10001,1],[29905,1],[10451,1],[40112,1],[40212,1],[40312,1],[40412,1]]","[[5,1510],[22,1535],[1,1710],[7,13]]","[[3,1],[7,1],[10001,1],[29905,1],[10451,1],[40112,1],[40212,1],[40312,1],[40412,1],[10601,1],[10480,1]]","[[5,1510],[22,1535],[1,1710],[7,13]]","[[3,1],[7,1],[10001,1],[29905,1],[10451,1],[40112,1],[40212,1],[40312,1],[40412,1],[10601,1],[10480,1]]"
120120,120120,12,4,0,548887,"[[3,1],[7,1],[10001,1],[29905,1],[10451,1],[40112,1],[40212,1],[40312,1],[40412,1]]","[[5,1510],[22,1525],[1,1700],[7,13]]","[[3,1],[7,1],[10001,1],[29905,1],[10451,1],[40112,1],[40212,1],[40312,1],[40412,1],[10601,1],[10480,1]]","[[5,1510],[22,1525],[1,1700],[7,13]]","[[3,1],[7,1],[10001,1],[29905,1],[10451,1],[40112,1],[40212,1],[40312,1],[40412,1],[10601,1],[10480,1]]"
120110,120110,12,4,0,548625,"[[3,1],[7,1],[10001,1],[29905,1],[10451,1],[40112,1],[40212,1],[40312,1],[40412,1]]","[[5,1510],[22,1525],[1,1700],[7,13]]","[[3,1],[7,1],[10001,1],[29905,1],[10451,1],[40112,1],[40212,1],[40312,1],[40412,1],[10601,1],[10480,1]]","[[5,1510],[22,1525],[1,1700],[7,13]]","[[3,1],[7,1],[10001,1],[29905,1],[10451,1],[40112,1],[40212,1],[40312,1],[40412,1],[10601,1],[10480,1]]"
120100,120100,12,4,1,548362,"[[3,1],[7,1],[10001,1],[29905,1],[10451,1],[40112,1],[40212,1],[40312,1],[40412,1]]","[[5,1500],[22,1525],[1,1700],[7,13]]","[[3,1],[7,1],[10001,1],[29905,1],[10451,1],[40112,1],[40212,1],[40312,1],[40412,1],[10601,1],[10480,1]]","[[5,1500],[22,1525],[1,1700],[7,13]]","[[3,1],[7,1],[10001,1],[29905,1],[10451,1],[40112,1],[40212,1],[40312,1],[40412,1],[10601,1],[10480,1]]"
120090,120090,12,4,0,548100,"[[3,1],[7,1],[10001,1],[29905,1],[10451,1],[40112,1],[40212,1],[40312,1],[40412,1]]","[[5,1500],[22,1515],[1,1690],[7,13]]","[[3,1],[7,1],[10001,1],[29905,1],[10451,1],[40112,1],[40212,1],[40312,1],[40412,1],[10601,1],[10480,1]]","[[5,1500],[22,1515],[1,1690],[7,13]]","[[3,1],[7,1],[10001,1],[29905,1],[10451,1],[40112,1],[40212,1],[40312,1],[40412,1],[10601,1],[10480,1]]"
120080,120080,12,4,0,547837,"[[3,1],[7,1],[10001,1],[29905,1],[10451,1],[40112,1],[40212,1],[40312,1],[40412,1]]","[[5,1500],[22,1515],[1,1690],[7,13]]","[[3,1],[7,1],[10001,1],[29905,1],[10451,1],[40112,1],[40212,1],[40312,1],[40412,1],[10601,1],[10480,1]]","[[5,1500],[22,1515],[1,1690],[7,13]]","[[3,1],[7,1],[10001,1],[29905,1],[10451,1],[40112,1],[40212,1],[40312,1],[40412,1],[10601,1],[10480,1]]"
120070,120070,12,4,0,547575,"[[3,1],[7,1],[10001,1],[29905,1],[10451,1],[40112,1],[40212,1],[40312,1],[40412,1]]","[[5,1490],[22,1515],[1,1690],[7,13]]","[[3,1],[7,1],[10001,1],[29905,1],[10451,1],[40112,1],[40212,1],[40312,1],[40412,1],[10601,1],[10480,1]]","[[5,1490],[22,1515],[1,1690],[7,13]]","[[3,1],[7,1],[10001,1],[29905,1],[10451,1],[40112,1],[40212,1],[40312,1],[40412,1],[10601,1],[10480,1]]"
120060,120060,12,4,0,537951,"[[3,1],[7,1],[10001,1],[29905,1],[10451,1],[40112,1],[40212,1],[40312,1],[40412,1]]","[[5,1490],[22,1505],[1,1680],[7,13]]","[[3,1],[7,1],[10001,1],[29905,1],[10451,1],[40112,1],[40212,1],[40312,1],[40412,1],[10601,1],[10480,1]]","[[5,1490],[22,1505],[1,1680],[7,13]]","[[3,1],[7,1],[10001,1],[29905,1],[10451,1],[40112,1],[40212,1],[40312,1],[40412,1],[10601,1],[10480,1]]"
120050,120050,12,4,1,537689,"[[3,1],[7,1],[10001,1],[29905,1],[10451,1],[40112,1],[40212,1],[40312,1],[40412,1]]","[[5,1490],[22,1505],[1,1680],[7,13]]","[[3,1],[7,1],[10001,1],[29905,1],[10451,1],[40112,1],[40212,1],[40312,1],[40412,1],[10601,1],[10480,1]]","[[5,1490],[22,1505],[1,1680],[7,13]]","[[3,1],[7,1],[10001,1],[29905,1],[10451,1],[40112,1],[40212,1],[40312,1],[40412,1],[10601,1],[10480,1]]"
120040,120040,12,4,0,537426,"[[3,1],[7,1],[10001,1],[29905,1],[10451,1],[40112,1],[40212,1],[40312,1],[40412,1]]","[[5,1480],[22,1505],[1,1680],[7,13]]","[[3,1],[7,1],[10001,1],[29905,1],[10451,1],[40112,1],[40212,1],[40312,1],[40412,1],[10601,1],[10480,1]]","[[5,1480],[22,1505],[1,1680],[7,13]]","[[3,1],[7,1],[10001,1],[29905,1],[10451,1],[40112,1],[40212,1],[40312,1],[40412,1],[10601,1],[10480,1]]"
120030,120030,12,4,0,537164,"[[3,1],[7,1],[10001,1],[29905,1],[10451,1],[40112,1],[40212,1],[40312,1],[40412,1]]","[[5,1480],[22,1495],[1,1670],[7,13]]","[[3,1],[7,1],[10001,1],[29905,1],[10451,1],[40112,1],[40212,1],[40312,1],[40412,1],[10601,1],[10480,1]]","[[5,1480],[22,1495],[1,1670],[7,13]]","[[3,1],[7,1],[10001,1],[29905,1],[10451,1],[40112,1],[40212,1],[40312,1],[40412,1],[10601,1],[10480,1]]"
120020,120020,12,4,0,536901,"[[3,1],[7,1],[10001,1],[29905,1],[10451,1],[40112,1],[40212,1],[40312,1],[40412,1]]","[[5,1480],[22,1495],[1,1670],[7,13]]","[[3,1],[7,1],[10001,1],[29905,1],[10451,1],[40112,1],[40212,1],[40312,1],[40412,1],[10601,1],[10480,1]]","[[5,1480],[22,1495],[1,1670],[7,13]]","[[3,1],[7,1],[10001,1],[29905,1],[10451,1],[40112,1],[40212,1],[40312,1],[40412,1],[10601,1],[10480,1]]"
120010,120010,12,4,0,536639,"[[3,1],[7,1],[10001,1],[29905,1],[10451,1],[40112,1],[40212,1],[40312,1],[40412,1]]","[[5,1470],[22,1495],[1,1670],[7,13]]","[[3,1],[7,1],[10001,1],[29905,1],[10451,1],[40112,1],[40212,1],[40312,1],[40412,1],[10601,1],[10480,1]]","[[5,1470],[22,1495],[1,1670],[7,13]]","[[3,1],[7,1],[10001,1],[29905,1],[10451,1],[40112,1],[40212,1],[40312,1],[40412,1],[10601,1],[10480,1]]"
110400,110400,11,3,1,536376,"[[3,1],[7,1],[10001,1],[29905,1],[10451,1],[40112,1],[40212,1],[40312,1],[40412,1]]","[[5,1470],[22,1485],[1,1660],[7,13]]","[[3,1],[7,1],[10001,1],[29905,1],[10451,1],[40112,1],[40212,1],[40312,1],[40412,1],[10601,1],[10480,1]]","[[5,1470],[22,1485],[1,1660],[7,13]]","[[3,1],[7,1],[10001,1],[29905,1],[10451,1],[40112,1],[40212,1],[40312,1],[40412,1],[10601,1],[10480,1]]"
110390,110390,11,3,0,536114,"[[3,1],[7,1],[10001,1],[29905,1],[10451,1],[40112,1],[40212,1],[40312,1],[40412,1]]","[[5,1470],[22,1485],[1,1660],[7,13]]","[[3,1],[7,1],[10001,1],[29905,1],[10451,1],[40112,1],[40212,1],[40312,1],[40412,1],[10601,1],[10480,1]]","[[5,1470],[22,1485],[1,1660],[7,13]]","[[3,1],[7,1],[10001,1],[29905,1],[10451,1],[40112,1],[40212,1],[40312,1],[40412,1],[10601,1],[10480,1]]"
110380,110380,11,3,0,526564,"[[3,1],[7,1],[10001,1],[29905,1],[10451,1],[40112,1],[40212,1],[40312,1],[40412,1]]","[[5,1460],[22,1485],[1,1660],[7,13]]","[[3,1],[7,1],[10001,1],[29905,1],[10451,1],[40112,1],[40212,1],[40312,1],[40412,1],[10601,1],[10480,1]]","[[5,1460],[22,1485],[1,1660],[7,13]]","[[3,1],[7,1],[10001,1],[29905,1],[10451,1],[40112,1],[40212,1],[40312,1],[40412,1],[10601,1],[10480,1]]"
110370,110370,11,3,0,526302,"[[3,1],[7,1],[10001,1],[29905,1],[10451,1],[40112,1],[40212,1],[40312,1],[40412,1]]","[[5,1460],[22,1475],[1,1650],[7,13]]","[[3,1],[7,1],[10001,1],[29905,1],[10451,1],[40112,1],[40212,1],[40312,1],[40412,1],[10601,1],[10480,1]]","[[5,1460],[22,1475],[1,1650],[7,13]]","[[3,1],[7,1],[10001,1],[29905,1],[10451,1],[40112,1],[40212,1],[40312,1],[40412,1],[10601,1],[10480,1]]"
110360,110360,11,3,0,526039,"[[3,1],[7,1],[10001,1],[29905,1],[10451,1],[40112,1],[40212,1],[40312,1],[40412,1]]","[[5,1460],[22,1475],[1,1650],[7,13]]","[[3,1],[7,1],[10001,1],[29905,1],[10451,1],[40112,1],[40212,1],[40312,1],[40412,1],[10601,1],[10480,1]]","[[5,1460],[22,1475],[1,1650],[7,13]]","[[3,1],[7,1],[10001,1],[29905,1],[10451,1],[40112,1],[40212,1],[40312,1],[40412,1],[10601,1],[10480,1]]"
110350,110350,11,3,1,525777,"[[3,1],[7,1],[10001,1],[29905,1],[10451,1],[40112,1],[40212,1],[40312,1],[40412,1]]","[[5,1450],[22,1475],[1,1650],[7,13]]","[[3,1],[7,1],[10001,1],[29905,1],[10451,1],[40112,1],[40212,1],[40312,1],[40412,1],[10601,1],[10480,1]]","[[5,1450],[22,1475],[1,1650],[7,13]]","[[3,1],[7,1],[10001,1],[29905,1],[10451,1],[40112,1],[40212,1],[40312,1],[40412,1],[10601,1],[10480,1]]"
110340,110340,11,3,0,525514,"[[3,1],[7,1],[10001,1],[29905,1],[10451,1],[40112,1],[40212,1],[40312,1],[40412,1]]","[[5,1450],[22,1465],[1,1640],[7,13]]","[[3,1],[7,1],[10001,1],[29905,1],[10451,1],[40112,1],[40212,1],[40312,1],[40412,1],[10601,1],[10480,1]]","[[5,1450],[22,1465],[1,1640],[7,13]]","[[3,1],[7,1],[10001,1],[29905,1],[10451,1],[40112,1],[40212,1],[40312,1],[40412,1],[10601,1],[10480,1]]"
110330,110330,11,3,0,525252,"[[3,1],[7,1],[10001,1],[29905,1],[10451,1],[40112,1],[40212,1],[40312,1],[40412,1]]","[[5,1450],[22,1465],[1,1640],[7,13]]","[[3,1],[7,1],[10001,1],[29905,1],[10451,1],[40112,1],[40212,1],[40312,1],[40412,1],[10601,1],[10480,1]]","[[5,1450],[22,1465],[1,1640],[7,13]]","[[3,1],[7,1],[10001,1],[29905,1],[10451,1],[40112,1],[40212,1],[40312,1],[40412,1],[10601,1],[10480,1]]"
110320,110320,11,3,0,524989,"[[3,1],[7,1],[10001,1],[29905,1],[10451,1],[40112,1],[40212,1],[40312,1],[40412,1]]","[[5,1440],[22,1465],[1,1640],[7,13]]","[[3,1],[7,1],[10001,1],[29905,1],[10451,1],[40112,1],[40212,1],[40312,1],[40412,1],[10601,1],[10480,1]]","[[5,1440],[22,1465],[1,1640],[7,13]]","[[3,1],[7,1],[10001,1],[29905,1],[10451,1],[40112,1],[40212,1],[40312,1],[40412,1],[10601,1],[10480,1]]"
110310,110310,11,3,0,524727,"[[3,1],[7,1],[10001,1],[29905,1],[10451,1],[40112,1],[40212,1],[40312,1],[40412,1]]","[[5,1440],[22,1455],[1,1630],[7,13]]","[[3,1],[7,1],[10001,1],[29905,1],[10451,1],[40112,1],[40212,1],[40312,1],[40412,1],[10601,1],[10480,1]]","[[5,1440],[22,1455],[1,1630],[7,13]]","[[3,1],[7,1],[10001,1],[29905,1],[10451,1],[40112,1],[40212,1],[40312,1],[40412,1],[10601,1],[10480,1]]"
110300,110300,11,3,1,515313,"[[3,1],[7,1],[10001,1],[29905,1],[10451,1],[40112,1],[40212,1],[40312,1],[40412,1]]","[[5,1440],[22,1455],[1,1630],[7,13]]","[[3,1],[7,1],[10001,1],[29905,1],[10451,1],[40112,1],[40212,1],[40312,1],[40412,1],[10601,1],[10480,1]]","[[5,1440],[22,1455],[1,1630],[7,13]]","[[3,1],[7,1],[10001,1],[29905,1],[10451,1],[40112,1],[40212,1],[40312,1],[40412,1],[10601,1],[10480,1]]"
110290,110290,11,3,0,515051,"[[3,1],[7,1],[10001,1],[29905,1],[10451,1],[40112,1],[40212,1],[40312,1],[40412,1]]","[[5,1430],[22,1455],[1,1630],[7,13]]","[[3,1],[7,1],[10001,1],[29905,1],[10451,1],[40112,1],[40212,1],[40312,1],[40412,1],[10601,1],[10480,1]]","[[5,1430],[22,1455],[1,1630],[7,13]]","[[3,1],[7,1],[10001,1],[29905,1],[10451,1],[40112,1],[40212,1],[40312,1],[40412,1],[10601,1],[10480,1]]"
110280,110280,11,3,0,514788,"[[3,1],[7,1],[10001,1],[29905,1],[10451,1],[40112,1],[40212,1],[40312,1],[40412,1]]","[[5,1430],[22,1445],[1,1620],[7,13]]","[[3,1],[7,1],[10001,1],[29905,1],[10451,1],[40112,1],[40212,1],[40312,1],[40412,1],[10601,1],[10480,1]]","[[5,1430],[22,1445],[1,1620],[7,13]]","[[3,1],[7,1],[10001,1],[29905,1],[10451,1],[40112,1],[40212,1],[40312,1],[40412,1],[10601,1],[10480,1]]"
110270,110270,11,3,0,514526,"[[3,1],[7,1],[10001,1],[29905,1],[10451,1],[40112,1],[40212,1],[40312,1],[40412,1]]","[[5,1430],[22,1445],[1,1620],[7,13]]","[[3,1],[7,1],[10001,1],[29905,1],[10451,1],[40112,1],[40212,1],[40312,1],[40412,1],[10601,1],[10480,1]]","[[5,1430],[22,1445],[1,1620],[7,13]]","[[3,1],[7,1],[10001,1],[29905,1],[10451,1],[40112,1],[40212,1],[40312,1],[40412,1],[10601,1],[10480,1]]"
110260,110260,11,3,0,514263,"[[3,1],[7,1],[10001,1],[29905,1],[10451,1],[40112,1],[40212,1],[40312,1],[40412,1]]","[[5,1420],[22,1445],[1,1620],[7,13]]","[[3,1],[7,1],[10001,1],[29905,1],[10451,1],[40112,1],[40212,1],[40312,1],[40412,1],[10601,1],[10480,1]]","[[5,1420],[22,1445],[1,1620],[7,13]]","[[3,1],[7,1],[10001,1],[29905,1],[10451,1],[40112,1],[40212,1],[40312,1],[40412,1],[10601,1],[10480,1]]"
110250,110250,11,3,1,514001,"[[3,1],[7,1],[10001,1],[29905,1],[10451,1],[40112,1],[40212,1],[40312,1],[40412,1]]","[[5,1420],[22,1435],[1,1610],[7,13]]","[[3,1],[7,1],[10001,1],[29905,1],[10451,1],[40112,1],[40212,1],[40312,1],[40412,1],[10601,1],[10480,1]]","[[5,1420],[22,1435],[1,1610],[7,13]]","[[3,1],[7,1],[10001,1],[29905,1],[10451,1],[40112,1],[40212,1],[40312,1],[40412,1],[10601,1],[10480,1]]"
110240,110240,11,3,0,513738,"[[3,1],[7,1],[10001,1],[29905,1],[10451,1],[40112,1],[40212,1],[40312,1],[40412,1]]","[[5,1420],[22,1435],[1,1610],[7,13]]","[[3,1],[7,1],[10001,1],[29905,1],[10451,1],[40112,1],[40212,1],[40312,1],[40412,1],[10601,1],[10480,1]]","[[5,1420],[22,1435],[1,1610],[7,13]]","[[3,1],[7,1],[10001,1],[29905,1],[10451,1],[40112,1],[40212,1],[40312,1],[40412,1],[10601,1],[10480,1]]"
110230,110230,11,3,0,513476,"[[3,1],[7,1],[10001,1],[29905,1],[10451,1],[40112,1],[40212,1],[40312,1],[40412,1]]","[[5,1410],[22,1435],[1,1610],[7,13]]","[[3,1],[7,1],[10001,1],[29905,1],[10451,1],[40112,1],[40212,1],[40312,1],[40412,1],[10601,1],[10480,1]]","[[5,1410],[22,1435],[1,1610],[7,13]]","[[3,1],[7,1],[10001,1],[29905,1],[10451,1],[40112,1],[40212,1],[40312,1],[40412,1],[10601,1],[10480,1]]"
110220,110220,11,3,0,504178,"[[3,1],[7,1],[10001,1],[29905,1],[10451,1],[40112,1],[40212,1],[40312,1],[40412,1]]","[[5,1410],[22,1425],[1,1600],[7,13]]","[[3,1],[7,1],[10001,1],[29905,1],[10451,1],[40112,1],[40212,1],[40312,1],[40412,1],[10601,1],[10480,1]]","[[5,1410],[22,1425],[1,1600],[7,13]]","[[3,1],[7,1],[10001,1],[29905,1],[10451,1],[40112,1],[40212,1],[40312,1],[40412,1],[10601,1],[10480,1]]"
110210,110210,11,3,0,503916,"[[3,1],[7,1],[10001,1],[29905,1],[10451,1],[40112,1],[40212,1],[40312,1],[40412,1]]","[[5,1410],[22,1425],[1,1600],[7,13]]","[[3,1],[7,1],[10001,1],[29905,1],[10451,1],[40112,1],[40212,1],[40312,1],[40412,1],[10601,1],[10480,1]]","[[5,1410],[22,1425],[1,1600],[7,13]]","[[3,1],[7,1],[10001,1],[29905,1],[10451,1],[40112,1],[40212,1],[40312,1],[40412,1],[10601,1],[10480,1]]"
110200,110200,11,3,1,503653,"[[3,1],[7,1],[10001,1],[29905,1],[10451,1],[40112,1],[40212,1],[40312,1],[40412,1]]","[[5,1400],[22,1425],[1,1600],[7,13]]","[[3,1],[7,1],[10001,1],[29905,1],[10451,1],[40112,1],[40212,1],[40312,1],[40412,1],[10601,1],[10480,1]]","[[5,1400],[22,1425],[1,1600],[7,13]]","[[3,1],[7,1],[10001,1],[29905,1],[10451,1],[40112,1],[40212,1],[40312,1],[40412,1],[10601,1],[10480,1]]"
110190,110190,11,3,0,503391,"[[3,1],[7,1],[10001,1],[29905,1],[10451,1],[40112,1],[40212,1],[40312,1],[40412,1]]","[[5,1400],[22,1415],[1,1590],[7,13]]","[[3,1],[7,1],[10001,1],[29905,1],[10451,1],[40112,1],[40212,1],[40312,1],[40412,1],[10601,1],[10480,1]]","[[5,1400],[22,1415],[1,1590],[7,13]]","[[3,1],[7,1],[10001,1],[29905,1],[10451,1],[40112,1],[40212,1],[40312,1],[40412,1],[10601,1],[10480,1]]"
110180,110180,11,3,0,503128,"[[3,1],[7,1],[10001,1],[29905,1],[10451,1],[40112,1],[40212,1],[40312,1],[40412,1]]","[[5,1400],[22,1415],[1,1590],[7,13]]","[[3,1],[7,1],[10001,1],[29905,1],[10451,1],[40112,1],[40212,1],[40312,1],[40412,1],[10601,1],[10480,1]]","[[5,1400],[22,1415],[1,1590],[7,13]]","[[3,1],[7,1],[10001,1],[29905,1],[10451,1],[40112,1],[40212,1],[40312,1],[40412,1],[10601,1],[10480,1]]"
110170,110170,11,3,0,502866,"[[3,1],[7,1],[10001,1],[29905,1],[10451,1],[40112,1],[40212,1],[40312,1],[40412,1]]","[[5,1390],[22,1415],[1,1590],[7,13]]","[[3,1],[7,1],[10001,1],[29905,1],[10451,1],[40112,1],[40212,1],[40312,1],[40412,1],[10601,1],[10480,1]]","[[5,1390],[22,1415],[1,1590],[7,13]]","[[3,1],[7,1],[10001,1],[29905,1],[10451,1],[40112,1],[40212,1],[40312,1],[40412,1],[10601,1],[10480,1]]"
110160,110160,11,3,0,502603,"[[3,1],[7,1],[10001,1],[29905,1],[10451,1],[40112,1],[40212,1],[40312,1],[40412,1]]","[[5,1390],[22,1405],[1,1580],[7,13]]","[[3,1],[7,1],[10001,1],[29905,1],[10451,1],[40112,1],[40212,1],[40312,1],[40412,1],[10601,1],[10480,1]]","[[5,1390],[22,1405],[1,1580],[7,13]]","[[3,1],[7,1],[10001,1],[29905,1],[10451,1],[40112,1],[40212,1],[40312,1],[40412,1],[10601,1],[10480,1]]"
110150,110150,11,3,1,502341,"[[3,1],[7,1],[10001,1],[29905,1],[10451,1],[40112,1],[40212,1],[40312,1],[40412,1]]","[[5,1390],[22,1405],[1,1580],[7,13]]","[[3,1],[7,1],[10001,1],[29905,1],[10451,1],[40112,1],[40212,1],[40312,1],[40412,1],[10601,1],[10480,1]]","[[5,1390],[22,1405],[1,1580],[7,13]]","[[3,1],[7,1],[10001,1],[29905,1],[10451,1],[40112,1],[40212,1],[40312,1],[40412,1],[10601,1],[10480,1]]"
110140,110140,11,3,0,486795,"[[3,1],[7,1],[10001,1],[29905,1],[10451,1],[40112,1],[40212,1],[40312,1],[40412,1]]","[[5,1380],[22,1405],[1,1580],[7,13]]","[[3,1],[7,1],[10001,1],[29905,1],[10451,1],[40112,1],[40212,1],[40312,1],[40412,1],[10601,1],[10480,1]]","[[5,1380],[22,1405],[1,1580],[7,13]]","[[3,1],[7,1],[10001,1],[29905,1],[10451,1],[40112,1],[40212,1],[40312,1],[40412,1],[10601,1],[10480,1]]"
110130,110130,11,3,0,486533,"[[3,1],[7,1],[10001,1],[29905,1],[10451,1],[40112,1],[40212,1],[40312,1],[40412,1]]","[[5,1380],[22,1395],[1,1570],[7,13]]","[[3,1],[7,1],[10001,1],[29905,1],[10451,1],[40112,1],[40212,1],[40312,1],[40412,1],[10601,1],[10480,1]]","[[5,1380],[22,1395],[1,1570],[7,13]]","[[3,1],[7,1],[10001,1],[29905,1],[10451,1],[40112,1],[40212,1],[40312,1],[40412,1],[10601,1],[10480,1]]"
110120,110120,11,3,0,486270,"[[3,1],[7,1],[10001,1],[29905,1],[10451,1],[40112,1],[40212,1],[40312,1],[40412,1]]","[[5,1380],[22,1395],[1,1570],[7,13]]","[[3,1],[7,1],[10001,1],[29905,1],[10451,1],[40112,1],[40212,1],[40312,1],[40412,1],[10601,1],[10480,1]]","[[5,1380],[22,1395],[1,1570],[7,13]]","[[3,1],[7,1],[10001,1],[29905,1],[10451,1],[40112,1],[40212,1],[40312,1],[40412,1],[10601,1],[10480,1]]"
110110,110110,11,3,0,486008,"[[3,1],[7,1],[10001,1],[29905,1],[10451,1],[40112,1],[40212,1],[40312,1],[40412,1]]","[[5,1370],[22,1395],[1,1570],[7,13]]","[[3,1],[7,1],[10001,1],[29905,1],[10451,1],[40112,1],[40212,1],[40312,1],[40412,1],[10601,1],[10480,1]]","[[5,1370],[22,1395],[1,1570],[7,13]]","[[3,1],[7,1],[10001,1],[29905,1],[10451,1],[40112,1],[40212,1],[40312,1],[40412,1],[10601,1],[10480,1]]"
110100,110100,11,3,1,485745,"[[3,1],[7,1],[10001,1],[29905,1],[10451,1],[40112,1],[40212,1],[40312,1],[40412,1]]","[[5,1370],[22,1385],[1,1560],[7,13]]","[[3,1],[7,1],[10001,1],[29905,1],[10451,1],[40112,1],[40212,1],[40312,1],[40412,1],[10601,1],[10480,1]]","[[5,1370],[22,1385],[1,1560],[7,13]]","[[3,1],[7,1],[10001,1],[29905,1],[10451,1],[40112,1],[40212,1],[40312,1],[40412,1],[10601,1],[10480,1]]"
110090,110090,11,3,0,485483,"[[3,1],[7,1],[10001,1],[29905,1],[10451,1],[40112,1],[40212,1],[40312,1],[40412,1]]","[[5,1370],[22,1385],[1,1560],[7,13]]","[[3,1],[7,1],[10001,1],[29905,1],[10451,1],[40112,1],[40212,1],[40312,1],[40412,1],[10601,1],[10480,1]]","[[5,1370],[22,1385],[1,1560],[7,13]]","[[3,1],[7,1],[10001,1],[29905,1],[10451,1],[40112,1],[40212,1],[40312,1],[40412,1],[10601,1],[10480,1]]"
110080,110080,11,3,0,485220,"[[3,1],[7,1],[10001,1],[29905,1],[10451,1],[40112,1],[40212,1],[40312,1],[40412,1]]","[[5,1360],[22,1385],[1,1560],[7,13]]","[[3,1],[7,1],[10001,1],[29905,1],[10451,1],[40112,1],[40212,1],[40312,1],[40412,1],[10601,1],[10480,1]]","[[5,1360],[22,1385],[1,1560],[7,13]]","[[3,1],[7,1],[10001,1],[29905,1],[10451,1],[40112,1],[40212,1],[40312,1],[40412,1],[10601,1],[10480,1]]"
110070,110070,11,3,0,484958,"[[3,1],[7,1],[10001,1],[29905,1],[10451,1],[40112,1],[40212,1],[40312,1],[40412,1]]","[[5,1360],[22,1375],[1,1550],[7,13]]","[[3,1],[7,1],[10001,1],[29905,1],[10451,1],[40112,1],[40212,1],[40312,1],[40412,1],[10601,1],[10480,1]]","[[5,1360],[22,1375],[1,1550],[7,13]]","[[3,1],[7,1],[10001,1],[29905,1],[10451,1],[40112,1],[40212,1],[40312,1],[40412,1],[10601,1],[10480,1]]"
110060,110060,11,3,0,476358,"[[3,1],[7,1],[10001,1],[29905,1],[10451,1],[40112,1],[40212,1],[40312,1],[40412,1]]","[[5,1360],[22,1375],[1,1550],[7,13]]","[[3,1],[7,1],[10001,1],[29905,1],[10451,1],[40112,1],[40212,1],[40312,1],[40412,1],[10601,1],[10480,1]]","[[5,1360],[22,1375],[1,1550],[7,13]]","[[3,1],[7,1],[10001,1],[29905,1],[10451,1],[40112,1],[40212,1],[40312,1],[40412,1],[10601,1],[10480,1]]"
110050,110050,11,3,1,476096,"[[3,1],[7,1],[10001,1],[29905,1],[10451,1],[40112,1],[40212,1],[40312,1],[40412,1]]","[[5,1350],[22,1375],[1,1550],[7,13]]","[[3,1],[7,1],[10001,1],[29905,1],[10451,1],[40112,1],[40212,1],[40312,1],[40412,1],[10601,1],[10480,1]]","[[5,1350],[22,1375],[1,1550],[7,13]]","[[3,1],[7,1],[10001,1],[29905,1],[10451,1],[40112,1],[40212,1],[40312,1],[40412,1],[10601,1],[10480,1]]"
110040,110040,11,3,0,475833,"[[3,1],[7,1],[10001,1],[29905,1],[10451,1],[40112,1],[40212,1],[40312,1],[40412,1]]","[[5,1350],[22,1365],[1,1540],[7,13]]","[[3,1],[7,1],[10001,1],[29905,1],[10451,1],[40112,1],[40212,1],[40312,1],[40412,1],[10601,1],[10480,1]]","[[5,1350],[22,1365],[1,1540],[7,13]]","[[3,1],[7,1],[10001,1],[29905,1],[10451,1],[40112,1],[40212,1],[40312,1],[40412,1],[10601,1],[10480,1]]"
110030,110030,11,3,0,475571,"[[3,1],[7,1],[10001,1],[29905,1],[10451,1],[40112,1],[40212,1],[40312,1],[40412,1]]","[[5,1350],[22,1365],[1,1540],[7,13]]","[[3,1],[7,1],[10001,1],[29905,1],[10451,1],[40112,1],[40212,1],[40312,1],[40412,1],[10601,1],[10480,1]]","[[5,1350],[22,1365],[1,1540],[7,13]]","[[3,1],[7,1],[10001,1],[29905,1],[10451,1],[40112,1],[40212,1],[40312,1],[40412,1],[10601,1],[10480,1]]"
110020,110020,11,3,0,475308,"[[3,1],[7,1],[10001,1],[29905,1],[10451,1],[40112,1],[40212,1],[40312,1],[40412,1]]","[[5,1340],[22,1365],[1,1540],[7,13]]","[[3,1],[7,1],[10001,1],[29905,1],[10451,1],[40112,1],[40212,1],[40312,1],[40412,1],[10601,1],[10480,1]]","[[5,1340],[22,1365],[1,1540],[7,13]]","[[3,1],[7,1],[10001,1],[29905,1],[10451,1],[40112,1],[40212,1],[40312,1],[40412,1],[10601,1],[10480,1]]"
110010,110010,11,3,0,475046,"[[3,1],[7,1],[10001,1],[29905,1],[10451,1],[40112,1],[40212,1],[40312,1],[40412,1]]","[[5,1340],[22,1355],[1,1530],[7,13]]","[[3,1],[7,1],[10001,1],[29905,1],[10451,1],[40112,1],[40212,1],[40312,1],[40412,1],[10601,1],[10480,1]]","[[5,1340],[22,1355],[1,1530],[7,13]]","[[3,1],[7,1],[10001,1],[29905,1],[10451,1],[40112,1],[40212,1],[40312,1],[40412,1],[10601,1],[10480,1]]"
100400,100400,10,3,1,474783,"[[3,1],[7,1],[10001,1],[29905,1],[10451,1],[40112,1],[40212,1],[40312,1],[40412,1]]","[[5,1340],[22,1355],[1,1530],[7,13]]","[[3,1],[7,1],[10001,1],[29905,1],[10451,1],[40112,1],[40212,1],[40312,1],[40412,1],[10601,1],[10480,1]]","[[5,1340],[22,1355],[1,1530],[7,13]]","[[3,1],[7,1],[10001,1],[29905,1],[10451,1],[40112,1],[40212,1],[40312,1],[40412,1],[10601,1],[10480,1]]"
100390,100390,10,3,0,474521,"[[3,1],[7,1],[10001,1],[29905,1],[10451,1],[40112,1],[40212,1],[40312,1],[40412,1]]","[[5,1330],[22,1355],[1,1530],[7,13]]","[[3,1],[7,1],[10001,1],[29905,1],[10451,1],[40112,1],[40212,1],[40312,1],[40412,1],[10601,1],[10480,1]]","[[5,1330],[22,1355],[1,1530],[7,13]]","[[3,1],[7,1],[10001,1],[29905,1],[10451,1],[40112,1],[40212,1],[40312,1],[40412,1],[10601,1],[10480,1]]"
100380,100380,10,3,0,466026,"[[3,1],[7,1],[10001,1],[29905,1],[10451,1],[40112,1],[40212,1],[40312,1],[40412,1]]","[[5,1330],[22,1345],[1,1520],[7,13]]","[[3,1],[7,1],[10001,1],[29905,1],[10451,1],[40112,1],[40212,1],[40312,1],[40412,1],[10601,1],[10480,1]]","[[5,1330],[22,1345],[1,1520],[7,13]]","[[3,1],[7,1],[10001,1],[29905,1],[10451,1],[40112,1],[40212,1],[40312,1],[40412,1],[10601,1],[10480,1]]"
100370,100370,10,3,0,465764,"[[3,1],[7,1],[10001,1],[29905,1],[10451,1],[40112,1],[40212,1],[40312,1],[40412,1]]","[[5,1330],[22,1345],[1,1520],[7,13]]","[[3,1],[7,1],[10001,1],[29905,1],[10451,1],[40112,1],[40212,1],[40312,1],[40412,1],[10601,1],[10480,1]]","[[5,1330],[22,1345],[1,1520],[7,13]]","[[3,1],[7,1],[10001,1],[29905,1],[10451,1],[40112,1],[40212,1],[40312,1],[40412,1],[10601,1],[10480,1]]"
100360,100360,10,3,0,465501,"[[3,1],[7,1],[10001,1],[29905,1],[10451,1],[40112,1],[40212,1],[40312,1],[40412,1]]","[[5,1320],[22,1345],[1,1520],[7,13]]","[[3,1],[7,1],[10001,1],[29905,1],[10451,1],[40112,1],[40212,1],[40312,1],[40412,1],[10601,1],[10480,1]]","[[5,1320],[22,1345],[1,1520],[7,13]]","[[3,1],[7,1],[10001,1],[29905,1],[10451,1],[40112,1],[40212,1],[40312,1],[40412,1],[10601,1],[10480,1]]"
100350,100350,10,3,1,465239,"[[3,1],[7,1],[10001,1],[29905,1],[10451,1],[40112,1],[40212,1],[40312,1],[40412,1]]","[[5,1320],[22,1335],[1,1510],[7,13]]","[[3,1],[7,1],[10001,1],[29905,1],[10451,1],[40112,1],[40212,1],[40312,1],[40412,1],[10601,1],[10480,1]]","[[5,1320],[22,1335],[1,1510],[7,13]]","[[3,1],[7,1],[10001,1],[29905,1],[10451,1],[40112,1],[40212,1],[40312,1],[40412,1],[10601,1],[10480,1]]"
100340,100340,10,3,0,464976,"[[3,1],[7,1],[10001,1],[29905,1],[10451,1],[40112,1],[40212,1],[40312,1],[40412,1]]","[[5,1320],[22,1335],[1,1510],[7,13]]","[[3,1],[7,1],[10001,1],[29905,1],[10451,1],[40112,1],[40212,1],[40312,1],[40412,1],[10601,1],[10480,1]]","[[5,1320],[22,1335],[1,1510],[7,13]]","[[3,1],[7,1],[10001,1],[29905,1],[10451,1],[40112,1],[40212,1],[40312,1],[40412,1],[10601,1],[10480,1]]"
100330,100330,10,3,0,464714,"[[3,1],[7,1],[10001,1],[29905,1],[10451,1],[40112,1],[40212,1],[40312,1],[40412,1]]","[[5,1310],[22,1335],[1,1510],[7,13]]","[[3,1],[7,1],[10001,1],[29905,1],[10451,1],[40112,1],[40212,1],[40312,1],[40412,1],[10601,1],[10480,1]]","[[5,1310],[22,1335],[1,1510],[7,13]]","[[3,1],[7,1],[10001,1],[29905,1],[10451,1],[40112,1],[40212,1],[40312,1],[40412,1],[10601,1],[10480,1]]"
100320,100320,10,3,0,464451,"[[3,1],[7,1],[10001,1],[29905,1],[10451,1],[40112,1],[40212,1],[40312,1],[40412,1]]","[[5,1310],[22,1325],[1,1500],[7,13]]","[[3,1],[7,1],[10001,1],[29905,1],[10451,1],[40112,1],[40212,1],[40312,1],[40412,1],[10601,1],[10480,1]]","[[5,1310],[22,1325],[1,1500],[7,13]]","[[3,1],[7,1],[10001,1],[29905,1],[10451,1],[40112,1],[40212,1],[40312,1],[40412,1],[10601,1],[10480,1]]"
100310,100310,10,3,0,464189,"[[3,1],[7,1],[10001,1],[29905,1],[10451,1],[40112,1],[40212,1],[40312,1],[40412,1]]","[[5,1310],[22,1325],[1,1500],[7,13]]","[[3,1],[7,1],[10001,1],[29905,1],[10451,1],[40112,1],[40212,1],[40312,1],[40412,1],[10601,1],[10480,1]]","[[5,1310],[22,1325],[1,1500],[7,13]]","[[3,1],[7,1],[10001,1],[29905,1],[10451,1],[40112,1],[40212,1],[40312,1],[40412,1],[10601,1],[10480,1]]"
100300,100300,10,3,1,455820,"[[3,1],[7,1],[10001,1],[29905,1],[10451,1],[40112,1],[40212,1],[40312,1],[40412,1]]","[[5,1300],[22,1325],[1,1500],[7,13]]","[[3,1],[7,1],[10001,1],[29905,1],[10451,1],[40112,1],[40212,1],[40312,1],[40412,1],[10601,1],[10480,1]]","[[5,1300],[22,1325],[1,1500],[7,13]]","[[3,1],[7,1],[10001,1],[29905,1],[10451,1],[40112,1],[40212,1],[40312,1],[40412,1],[10601,1],[10480,1]]"
100290,100290,10,3,0,455558,"[[3,1],[7,1],[10001,1],[29905,1],[10451,1],[40112,1],[40212,1],[40312,1],[40412,1]]","[[5,1300],[22,1315],[1,1490],[7,13]]","[[3,1],[7,1],[10001,1],[29905,1],[10451,1],[40112,1],[40212,1],[40312,1],[40412,1],[10601,1],[10480,1]]","[[5,1300],[22,1315],[1,1490],[7,13]]","[[3,1],[7,1],[10001,1],[29905,1],[10451,1],[40112,1],[40212,1],[40312,1],[40412,1],[10601,1],[10480,1]]"
100280,100280,10,3,0,455295,"[[3,1],[7,1],[10001,1],[29905,1],[10451,1],[40112,1],[40212,1],[40312,1],[40412,1]]","[[5,1300],[22,1315],[1,1490],[7,13]]","[[3,1],[7,1],[10001,1],[29905,1],[10451,1],[40112,1],[40212,1],[40312,1],[40412,1],[10601,1],[10480,1]]","[[5,1300],[22,1315],[1,1490],[7,13]]","[[3,1],[7,1],[10001,1],[29905,1],[10451,1],[40112,1],[40212,1],[40312,1],[40412,1],[10601,1],[10480,1]]"
100270,100270,10,3,0,455033,"[[3,1],[7,1],[10001,1],[29905,1],[10451,1],[40112,1],[40212,1],[40312,1],[40412,1]]","[[5,1290],[22,1315],[1,1490],[7,13]]","[[3,1],[7,1],[10001,1],[29905,1],[10451,1],[40112,1],[40212,1],[40312,1],[40412,1],[10601,1],[10480,1]]","[[5,1290],[22,1315],[1,1490],[7,13]]","[[3,1],[7,1],[10001,1],[29905,1],[10451,1],[40112,1],[40212,1],[40312,1],[40412,1],[10601,1],[10480,1]]"
100260,100260,10,3,0,454770,"[[3,1],[7,1],[10001,1],[29905,1],[10451,1],[40112,1],[40212,1],[40312,1],[40412,1]]","[[5,1290],[22,1305],[1,1480],[7,13]]","[[3,1],[7,1],[10001,1],[29905,1],[10451,1],[40112,1],[40212,1],[40312,1],[40412,1],[10601,1],[10480,1]]","[[5,1290],[22,1305],[1,1480],[7,13]]","[[3,1],[7,1],[10001,1],[29905,1],[10451,1],[40112,1],[40212,1],[40312,1],[40412,1],[10601,1],[10480,1]]"
100250,100250,10,3,1,454508,"[[3,1],[7,1],[10001,1],[29905,1],[10451,1],[40112,1],[40212,1],[40312,1],[40412,1]]","[[5,1290],[22,1305],[1,1480],[7,13]]","[[3,1],[7,1],[10001,1],[29905,1],[10451,1],[40112,1],[40212,1],[40312,1],[40412,1],[10601,1],[10480,1]]","[[5,1290],[22,1305],[1,1480],[7,13]]","[[3,1],[7,1],[10001,1],[29905,1],[10451,1],[40112,1],[40212,1],[40312,1],[40412,1],[10601,1],[10480,1]]"
100240,100240,10,3,0,454245,"[[3,1],[7,1],[10001,1],[29905,1],[10451,1],[40112,1],[40212,1],[40312,1],[40412,1]]","[[5,1280],[22,1305],[1,1480],[7,13]]","[[3,1],[7,1],[10001,1],[29905,1],[10451,1],[40112,1],[40212,1],[40312,1],[40412,1],[10601,1],[10480,1]]","[[5,1280],[22,1305],[1,1480],[7,13]]","[[3,1],[7,1],[10001,1],[29905,1],[10451,1],[40112,1],[40212,1],[40312,1],[40412,1],[10601,1],[10480,1]]"
100230,100230,10,3,0,453983,"[[3,1],[7,1],[10001,1],[29905,1],[10451,1],[40112,1],[40212,1],[40312,1],[40412,1]]","[[5,1280],[22,1295],[1,1470],[7,13]]","[[3,1],[7,1],[10001,1],[29905,1],[10451,1],[40112,1],[40212,1],[40312,1],[40412,1],[10601,1],[10480,1]]","[[5,1280],[22,1295],[1,1470],[7,13]]","[[3,1],[7,1],[10001,1],[29905,1],[10451,1],[40112,1],[40212,1],[40312,1],[40412,1],[10601,1],[10480,1]]"
100220,100220,10,3,0,445730,"[[3,1],[7,1],[10001,1],[29905,1],[10451,1],[40112,1],[40212,1],[40312,1],[40412,1]]","[[5,1280],[22,1295],[1,1470],[7,13]]","[[3,1],[7,1],[10001,1],[29905,1],[10451,1],[40112,1],[40212,1],[40312,1],[40412,1],[10601,1],[10480,1]]","[[5,1280],[22,1295],[1,1470],[7,13]]","[[3,1],[7,1],[10001,1],[29905,1],[10451,1],[40112,1],[40212,1],[40312,1],[40412,1],[10601,1],[10480,1]]"
100210,100210,10,3,0,445467,"[[3,1],[7,1],[10001,1],[29905,1],[10451,1],[40112,1],[40212,1],[40312,1],[40412,1]]","[[5,1270],[22,1295],[1,1470],[7,13]]","[[3,1],[7,1],[10001,1],[29905,1],[10451,1],[40112,1],[40212,1],[40312,1],[40412,1],[10601,1],[10480,1]]","[[5,1270],[22,1295],[1,1470],[7,13]]","[[3,1],[7,1],[10001,1],[29905,1],[10451,1],[40112,1],[40212,1],[40312,1],[40412,1],[10601,1],[10480,1]]"
100200,100200,10,3,1,445205,"[[3,1],[7,1],[10001,1],[29905,1],[10451,1],[40112,1],[40212,1],[40312,1],[40412,1]]","[[5,1270],[22,1285],[1,1460],[7,13]]","[[3,1],[7,1],[10001,1],[29905,1],[10451,1],[40112,1],[40212,1],[40312,1],[40412,1],[10601,1],[10480,1]]","[[5,1270],[22,1285],[1,1460],[7,13]]","[[3,1],[7,1],[10001,1],[29905,1],[10451,1],[40112,1],[40212,1],[40312,1],[40412,1],[10601,1],[10480,1]]"
100190,100190,10,3,0,444942,"[[3,1],[7,1],[10001,1],[29905,1],[10451,1],[40112,1],[40212,1],[40312,1],[40412,1]]","[[5,1270],[22,1285],[1,1460],[7,13]]","[[3,1],[7,1],[10001,1],[29905,1],[10451,1],[40112,1],[40212,1],[40312,1],[40412,1],[10601,1],[10480,1]]","[[5,1270],[22,1285],[1,1460],[7,13]]","[[3,1],[7,1],[10001,1],[29905,1],[10451,1],[40112,1],[40212,1],[40312,1],[40412,1],[10601,1],[10480,1]]"
100180,100180,10,3,0,444680,"[[3,1],[7,1],[10001,1],[29905,1],[10451,1],[40112,1],[40212,1],[40312,1],[40412,1]]","[[5,1260],[22,1285],[1,1460],[7,13]]","[[3,1],[7,1],[10001,1],[29905,1],[10451,1],[40112,1],[40212,1],[40312,1],[40412,1],[10601,1],[10480,1]]","[[5,1260],[22,1285],[1,1460],[7,13]]","[[3,1],[7,1],[10001,1],[29905,1],[10451,1],[40112,1],[40212,1],[40312,1],[40412,1],[10601,1],[10480,1]]"
100170,100170,10,3,0,444417,"[[3,1],[7,1],[10001,1],[29905,1],[10451,1],[40112,1],[40212,1],[40312,1],[40412,1]]","[[5,1260],[22,1275],[1,1450],[7,13]]","[[3,1],[7,1],[10001,1],[29905,1],[10451,1],[40112,1],[40212,1],[40312,1],[40412,1],[10601,1],[10480,1]]","[[5,1260],[22,1275],[1,1450],[7,13]]","[[3,1],[7,1],[10001,1],[29905,1],[10451,1],[40112,1],[40212,1],[40312,1],[40412,1],[10601,1],[10480,1]]"
100160,100160,10,3,0,444155,"[[3,1],[7,1],[10001,1],[29905,1],[10451,1],[40112,1],[40212,1],[40312,1],[40412,1]]","[[5,1260],[22,1275],[1,1450],[7,13]]","[[3,1],[7,1],[10001,1],[29905,1],[10451,1],[40112,1],[40212,1],[40312,1],[40412,1],[10601,1],[10480,1]]","[[5,1260],[22,1275],[1,1450],[7,13]]","[[3,1],[7,1],[10001,1],[29905,1],[10451,1],[40112,1],[40212,1],[40312,1],[40412,1],[10601,1],[10480,1]]"
100150,100150,10,3,1,443892,"[[3,1],[7,1],[10001,1],[29905,1],[10451,1],[40112,1],[40212,1],[40312,1],[40412,1]]","[[5,1250],[22,1275],[1,1450],[7,13]]","[[3,1],[7,1],[10001,1],[29905,1],[10451,1],[40112,1],[40212,1],[40312,1],[40412,1],[10601,1],[10480,1]]","[[5,1250],[22,1275],[1,1450],[7,13]]","[[3,1],[7,1],[10001,1],[29905,1],[10451,1],[40112,1],[40212,1],[40312,1],[40412,1],[10601,1],[10480,1]]"
100140,100140,10,3,0,435702,"[[3,1],[7,1],[10001,1],[29905,1],[10451,1],[40112,1],[40212,1],[40312,1],[40412,1]]","[[5,1250],[22,1265],[1,1440],[7,13]]","[[3,1],[7,1],[10001,1],[29905,1],[10451,1],[40112,1],[40212,1],[40312,1],[40412,1],[10601,1],[10480,1]]","[[5,1250],[22,1265],[1,1440],[7,13]]","[[3,1],[7,1],[10001,1],[29905,1],[10451,1],[40112,1],[40212,1],[40312,1],[40412,1],[10601,1],[10480,1]]"
100130,100130,10,3,0,435440,"[[3,1],[7,1],[10001,1],[29905,1],[10451,1],[40112,1],[40212,1],[40312,1],[40412,1]]","[[5,1250],[22,1265],[1,1440],[7,13]]","[[3,1],[7,1],[10001,1],[29905,1],[10451,1],[40112,1],[40212,1],[40312,1],[40412,1],[10601,1],[10480,1]]","[[5,1250],[22,1265],[1,1440],[7,13]]","[[3,1],[7,1],[10001,1],[29905,1],[10451,1],[40112,1],[40212,1],[40312,1],[40412,1],[10601,1],[10480,1]]"
100120,100120,10,3,0,435177,"[[3,1],[7,1],[10001,1],[29905,1],[10451,1],[40112,1],[40212,1],[40312,1],[40412,1]]","[[5,1240],[22,1265],[1,1440],[7,13]]","[[3,1],[7,1],[10001,1],[29905,1],[10451,1],[40112,1],[40212,1],[40312,1],[40412,1],[10601,1],[10480,1]]","[[5,1240],[22,1265],[1,1440],[7,13]]","[[3,1],[7,1],[10001,1],[29905,1],[10451,1],[40112,1],[40212,1],[40312,1],[40412,1],[10601,1],[10480,1]]"
100110,100110,10,3,0,434915,"[[3,1],[7,1],[10001,1],[29905,1],[10451,1],[40112,1],[40212,1],[40312,1],[40412,1]]","[[5,1240],[22,1255],[1,1430],[7,13]]","[[3,1],[7,1],[10001,1],[29905,1],[10451,1],[40112,1],[40212,1],[40312,1],[40412,1],[10601,1],[10480,1]]","[[5,1240],[22,1255],[1,1430],[7,13]]","[[3,1],[7,1],[10001,1],[29905,1],[10451,1],[40112,1],[40212,1],[40312,1],[40412,1],[10601,1],[10480,1]]"
100100,100100,10,3,1,434652,"[[3,1],[7,1],[10001,1],[29905,1],[10451,1],[40112,1],[40212,1],[40312,1],[40412,1]]","[[5,1240],[22,1255],[1,1430],[7,13]]","[[3,1],[7,1],[10001,1],[29905,1],[10451,1],[40112,1],[40212,1],[40312,1],[40412,1],[10601,1],[10480,1]]","[[5,1240],[22,1255],[1,1430],[7,13]]","[[3,1],[7,1],[10001,1],[29905,1],[10451,1],[40112,1],[40212,1],[40312,1],[40412,1],[10601,1],[10480,1]]"
100090,100090,10,3,0,434390,"[[3,1],[7,1],[10001,1],[29905,1],[10451,1],[40112,1],[40212,1],[40312,1],[40412,1]]","[[5,1230],[22,1255],[1,1430],[7,13]]","[[3,1],[7,1],[10001,1],[29905,1],[10451,1],[40112,1],[40212,1],[40312,1],[40412,1],[10601,1],[10480,1]]","[[5,1230],[22,1255],[1,1430],[7,13]]","[[3,1],[7,1],[10001,1],[29905,1],[10451,1],[40112,1],[40212,1],[40312,1],[40412,1],[10601,1],[10480,1]]"
100080,100080,10,3,0,434127,"[[3,1],[7,1],[10001,1],[29905,1],[10451,1],[40112,1],[40212,1],[40312,1],[40412,1]]","[[5,1230],[22,1245],[1,1420],[7,13]]","[[3,1],[7,1],[10001,1],[29905,1],[10451,1],[40112,1],[40212,1],[40312,1],[40412,1],[10601,1],[10480,1]]","[[5,1230],[22,1245],[1,1420],[7,13]]","[[3,1],[7,1],[10001,1],[29905,1],[10451,1],[40112,1],[40212,1],[40312,1],[40412,1],[10601,1],[10480,1]]"
100070,100070,10,3,0,433865,"[[3,1],[7,1],[10001,1],[29905,1],[10451,1],[40112,1],[40212,1],[40312,1],[40412,1]]","[[5,1230],[22,1245],[1,1420],[7,13]]","[[3,1],[7,1],[10001,1],[29905,1],[10451,1],[40112,1],[40212,1],[40312,1],[40412,1],[10601,1],[10480,1]]","[[5,1230],[22,1245],[1,1420],[7,13]]","[[3,1],[7,1],[10001,1],[29905,1],[10451,1],[40112,1],[40212,1],[40312,1],[40412,1],[10601,1],[10480,1]]"
100060,100060,10,3,0,425801,"[[3,1],[7,1],[10001,1],[29905,1],[10451,1],[40112,1],[40212,1],[40312,1],[40412,1]]","[[5,1220],[22,1245],[1,1420],[7,13]]","[[3,1],[7,1],[10001,1],[29905,1],[10451,1],[40112,1],[40212,1],[40312,1],[40412,1],[10601,1],[10480,1]]","[[5,1220],[22,1245],[1,1420],[7,13]]","[[3,1],[7,1],[10001,1],[29905,1],[10451,1],[40112,1],[40212,1],[40312,1],[40412,1],[10601,1],[10480,1]]"
100050,100050,10,3,1,425538,"[[3,1],[7,1],[10001,1],[29905,1],[10451,1],[40112,1],[40212,1],[40312,1],[40412,1]]","[[5,1220],[22,1235],[1,1410],[7,13]]","[[3,1],[7,1],[10001,1],[29905,1],[10451,1],[40112,1],[40212,1],[40312,1],[40412,1],[10601,1],[10480,1]]","[[5,1220],[22,1235],[1,1410],[7,13]]","[[3,1],[7,1],[10001,1],[29905,1],[10451,1],[40112,1],[40212,1],[40312,1],[40412,1],[10601,1],[10480,1]]"
100040,100040,10,3,0,425276,"[[3,1],[7,1],[10001,1],[29905,1],[10451,1],[40112,1],[40212,1],[40312,1],[40412,1]]","[[5,1220],[22,1235],[1,1410],[7,13]]","[[3,1],[7,1],[10001,1],[29905,1],[10451,1],[40112,1],[40212,1],[40312,1],[40412,1],[10601,1],[10480,1]]","[[5,1220],[22,1235],[1,1410],[7,13]]","[[3,1],[7,1],[10001,1],[29905,1],[10451,1],[40112,1],[40212,1],[40312,1],[40412,1],[10601,1],[10480,1]]"
100030,100030,10,3,0,425013,"[[3,1],[7,1],[10001,1],[29905,1],[10451,1],[40112,1],[40212,1],[40312,1],[40412,1]]","[[5,1210],[22,1235],[1,1410],[7,13]]","[[3,1],[7,1],[10001,1],[29905,1],[10451,1],[40112,1],[40212,1],[40312,1],[40412,1],[10601,1],[10480,1]]","[[5,1210],[22,1235],[1,1410],[7,13]]","[[3,1],[7,1],[10001,1],[29905,1],[10451,1],[40112,1],[40212,1],[40312,1],[40412,1],[10601,1],[10480,1]]"
100020,100020,10,3,0,424751,"[[3,1],[7,1],[10001,1],[29905,1],[10451,1],[40112,1],[40212,1],[40312,1],[40412,1]]","[[5,1210],[22,1225],[1,1400],[7,13]]","[[3,1],[7,1],[10001,1],[29905,1],[10451,1],[40112,1],[40212,1],[40312,1],[40412,1],[10601,1],[10480,1]]","[[5,1210],[22,1225],[1,1400],[7,13]]","[[3,1],[7,1],[10001,1],[29905,1],[10451,1],[40112,1],[40212,1],[40312,1],[40412,1],[10601,1],[10480,1]]"
100010,100010,10,3,0,424488,"[[3,1],[7,1],[10001,1],[29905,1],[10451,1],[40112,1],[40212,1],[40312,1],[40412,1]]","[[5,1210],[22,1225],[1,1400],[7,13]]","[[3,1],[7,1],[10001,1],[29905,1],[10451,1],[40112,1],[40212,1],[40312,1],[40412,1],[10601,1],[10480,1]]","[[5,1210],[22,1225],[1,1400],[7,13]]","[[3,1],[7,1],[10001,1],[29905,1],[10451,1],[40112,1],[40212,1],[40312,1],[40412,1],[10601,1],[10480,1]]"
90400,90400,9,3,1,424226,"[[3,1],[7,1],[10001,1],[29905,1],[10451,1],[40112,1],[40212,1],[40312,1],[40412,1]]","[[5,1200],[22,1225],[1,1400],[7,13]]","[[3,1],[7,1],[10001,1],[29905,1],[10451,1],[40112,1],[40212,1],[40312,1],[40412,1],[10601,1],[10480,1]]","[[5,1200],[22,1225],[1,1400],[7,13]]","[[3,1],[7,1],[10001,1],[29905,1],[10451,1],[40112,1],[40212,1],[40312,1],[40412,1],[10601,1],[10480,1]]"
90390,90390,9,3,0,423963,"[[3,1],[7,1],[10001,1],[29905,1],[10451,1],[40112,1],[40212,1],[40312,1],[40412,1]]","[[5,1200],[22,1215],[1,1390],[7,13]]","[[3,1],[7,1],[10001,1],[29905,1],[10451,1],[40112,1],[40212,1],[40312,1],[40412,1],[10601,1],[10480,1]]","[[5,1200],[22,1215],[1,1390],[7,13]]","[[3,1],[7,1],[10001,1],[29905,1],[10451,1],[40112,1],[40212,1],[40312,1],[40412,1],[10601,1],[10480,1]]"
90380,90380,9,3,0,416015,"[[3,1],[7,1],[10001,1],[29905,1],[10451,1],[40112,1],[40212,1],[40312,1],[40412,1]]","[[5,1200],[22,1215],[1,1390],[7,13]]","[[3,1],[7,1],[10001,1],[29905,1],[10451,1],[40112,1],[40212,1],[40312,1],[40412,1],[10601,1],[10480,1]]","[[5,1200],[22,1215],[1,1390],[7,13]]","[[3,1],[7,1],[10001,1],[29905,1],[10451,1],[40112,1],[40212,1],[40312,1],[40412,1],[10601,1],[10480,1]]"
90370,90370,9,3,0,415752,"[[3,1],[7,1],[10001,1],[29905,1],[10451,1],[40112,1],[40212,1],[40312,1],[40412,1]]","[[5,1190],[22,1215],[1,1390],[7,13]]","[[3,1],[7,1],[10001,1],[29905,1],[10451,1],[40112,1],[40212,1],[40312,1],[40412,1],[10601,1],[10480,1]]","[[5,1190],[22,1215],[1,1390],[7,13]]","[[3,1],[7,1],[10001,1],[29905,1],[10451,1],[40112,1],[40212,1],[40312,1],[40412,1],[10601,1],[10480,1]]"
90360,90360,9,3,0,415490,"[[3,1],[7,1],[10001,1],[29905,1],[10451,1],[40112,1],[40212,1],[40312,1],[40412,1]]","[[5,1190],[22,1205],[1,1380],[7,13]]","[[3,1],[7,1],[10001,1],[29905,1],[10451,1],[40112,1],[40212,1],[40312,1],[40412,1],[10601,1],[10480,1]]","[[5,1190],[22,1205],[1,1380],[7,13]]","[[3,1],[7,1],[10001,1],[29905,1],[10451,1],[40112,1],[40212,1],[40312,1],[40412,1],[10601,1],[10480,1]]"
90350,90350,9,3,1,415227,"[[3,1],[7,1],[10001,1],[29905,1],[10451,1],[40112,1],[40212,1],[40312,1],[40412,1]]","[[5,1190],[22,1205],[1,1380],[7,13]]","[[3,1],[7,1],[10001,1],[29905,1],[10451,1],[40112,1],[40212,1],[40312,1],[40412,1],[10601,1],[10480,1]]","[[5,1190],[22,1205],[1,1380],[7,13]]","[[3,1],[7,1],[10001,1],[29905,1],[10451,1],[40112,1],[40212,1],[40312,1],[40412,1],[10601,1],[10480,1]]"
90340,90340,9,3,0,414965,"[[3,1],[7,1],[10001,1],[29905,1],[10451,1],[40112,1],[40212,1],[40312,1],[40412,1]]","[[5,1180],[22,1205],[1,1380],[7,13]]","[[3,1],[7,1],[10001,1],[29905,1],[10451,1],[40112,1],[40212,1],[40312,1],[40412,1],[10601,1],[10480,1]]","[[5,1180],[22,1205],[1,1380],[7,13]]","[[3,1],[7,1],[10001,1],[29905,1],[10451,1],[40112,1],[40212,1],[40312,1],[40412,1],[10601,1],[10480,1]]"
90330,90330,9,3,0,414702,"[[3,1],[7,1],[10001,1],[29905,1],[10451,1],[40112,1],[40212,1],[40312,1],[40412,1]]","[[5,1180],[22,1195],[1,1370],[7,13]]","[[3,1],[7,1],[10001,1],[29905,1],[10451,1],[40112,1],[40212,1],[40312,1],[40412,1],[10601,1],[10480,1]]","[[5,1180],[22,1195],[1,1370],[7,13]]","[[3,1],[7,1],[10001,1],[29905,1],[10451,1],[40112,1],[40212,1],[40312,1],[40412,1],[10601,1],[10480,1]]"
90320,90320,9,3,0,414440,"[[3,1],[7,1],[10001,1],[29905,1],[10451,1],[40112,1],[40212,1],[40312,1],[40412,1]]","[[5,1180],[22,1195],[1,1370],[7,13]]","[[3,1],[7,1],[10001,1],[29905,1],[10451,1],[40112,1],[40212,1],[40312,1],[40412,1],[10601,1],[10480,1]]","[[5,1180],[22,1195],[1,1370],[7,13]]","[[3,1],[7,1],[10001,1],[29905,1],[10451,1],[40112,1],[40212,1],[40312,1],[40412,1],[10601,1],[10480,1]]"
90310,90310,9,3,0,414177,"[[3,1],[7,1],[10001,1],[29905,1],[10451,1],[40112,1],[40212,1],[40312,1],[40412,1]]","[[5,1170],[22,1195],[1,1370],[7,13]]","[[3,1],[7,1],[10001,1],[29905,1],[10451,1],[40112,1],[40212,1],[40312,1],[40412,1],[10601,1],[10480,1]]","[[5,1170],[22,1195],[1,1370],[7,13]]","[[3,1],[7,1],[10001,1],[29905,1],[10451,1],[40112,1],[40212,1],[40312,1],[40412,1],[10601,1],[10480,1]]"
90300,90300,9,3,1,406350,"[[3,1],[7,1],[10001,1],[29905,1],[10451,1],[40112,1],[40212,1],[40312,1],[40412,1]]","[[5,1170],[22,1185],[1,1360],[7,13]]","[[3,1],[7,1],[10001,1],[29905,1],[10451,1],[40112,1],[40212,1],[40312,1],[40412,1],[10601,1],[10480,1]]","[[5,1170],[22,1185],[1,1360],[7,13]]","[[3,1],[7,1],[10001,1],[29905,1],[10451,1],[40112,1],[40212,1],[40312,1],[40412,1],[10601,1],[10480,1]]"
90290,90290,9,3,0,406087,"[[3,1],[7,1],[10001,1],[29905,1],[10451,1],[40112,1],[40212,1],[40312,1],[40412,1]]","[[5,1170],[22,1185],[1,1360],[7,13]]","[[3,1],[7,1],[10001,1],[29905,1],[10451,1],[40112,1],[40212,1],[40312,1],[40412,1],[10601,1],[10480,1]]","[[5,1170],[22,1185],[1,1360],[7,13]]","[[3,1],[7,1],[10001,1],[29905,1],[10451,1],[40112,1],[40212,1],[40312,1],[40412,1],[10601,1],[10480,1]]"
90280,90280,9,3,0,405825,"[[3,1],[7,1],[10001,1],[29905,1],[10451,1],[40112,1],[40212,1],[40312,1],[40412,1]]","[[5,1160],[22,1185],[1,1360],[7,13]]","[[3,1],[7,1],[10001,1],[29905,1],[10451,1],[40112,1],[40212,1],[40312,1],[40412,1],[10601,1],[10480,1]]","[[5,1160],[22,1185],[1,1360],[7,13]]","[[3,1],[7,1],[10001,1],[29905,1],[10451,1],[40112,1],[40212,1],[40312,1],[40412,1],[10601,1],[10480,1]]"
90270,90270,9,3,0,405562,"[[3,1],[7,1],[10001,1],[29905,1],[10451,1],[40112,1],[40212,1],[40312,1],[40412,1]]","[[5,1160],[22,1175],[1,1350],[7,13]]","[[3,1],[7,1],[10001,1],[29905,1],[10451,1],[40112,1],[40212,1],[40312,1],[40412,1],[10601,1],[10480,1]]","[[5,1160],[22,1175],[1,1350],[7,13]]","[[3,1],[7,1],[10001,1],[29905,1],[10451,1],[40112,1],[40212,1],[40312,1],[40412,1],[10601,1],[10480,1]]"
90260,90260,9,3,0,405300,"[[3,1],[7,1],[10001,1],[29905,1],[10451,1],[40112,1],[40212,1],[40312,1],[40412,1]]","[[5,1160],[22,1175],[1,1350],[7,13]]","[[3,1],[7,1],[10001,1],[29905,1],[10451,1],[40112,1],[40212,1],[40312,1],[40412,1],[10601,1],[10480,1]]","[[5,1160],[22,1175],[1,1350],[7,13]]","[[3,1],[7,1],[10001,1],[29905,1],[10451,1],[40112,1],[40212,1],[40312,1],[40412,1],[10601,1],[10480,1]]"
90250,90250,9,3,1,405037,"[[3,1],[7,1],[10001,1],[29905,1],[10451,1],[40112,1],[40212,1],[40312,1],[40412,1]]","[[5,1150],[22,1175],[1,1350],[7,13]]","[[3,1],[7,1],[10001,1],[29905,1],[10451,1],[40112,1],[40212,1],[40312,1],[40412,1],[10601,1],[10480,1]]","[[5,1150],[22,1175],[1,1350],[7,13]]","[[3,1],[7,1],[10001,1],[29905,1],[10451,1],[40112,1],[40212,1],[40312,1],[40412,1],[10601,1],[10480,1]]"
90240,90240,9,3,0,404775,"[[3,1],[7,1],[10001,1],[29905,1],[10451,1],[40112,1],[40212,1],[40312,1],[40412,1]]","[[5,1150],[22,1165],[1,1340],[7,13]]","[[3,1],[7,1],[10001,1],[29905,1],[10451,1],[40112,1],[40212,1],[40312,1],[40412,1],[10601,1],[10480,1]]","[[5,1150],[22,1165],[1,1340],[7,13]]","[[3,1],[7,1],[10001,1],[29905,1],[10451,1],[40112,1],[40212,1],[40312,1],[40412,1],[10601,1],[10480,1]]"
90230,90230,9,3,0,404512,"[[3,1],[7,1],[10001,1],[29905,1],[10451,1],[40112,1],[40212,1],[40312,1],[40412,1]]","[[5,1150],[22,1165],[1,1340],[7,13]]","[[3,1],[7,1],[10001,1],[29905,1],[10451,1],[40112,1],[40212,1],[40312,1],[40412,1],[10601,1],[10480,1]]","[[5,1150],[22,1165],[1,1340],[7,13]]","[[3,1],[7,1],[10001,1],[29905,1],[10451,1],[40112,1],[40212,1],[40312,1],[40412,1],[10601,1],[10480,1]]"
90220,90220,9,3,0,396758,"[[3,1],[7,1],[10001,1],[29905,1],[10451,1],[40112,1],[40212,1],[40312,1],[40412,1]]","[[5,1140],[22,1165],[1,1340],[7,13]]","[[3,1],[7,1],[10001,1],[29905,1],[10451,1],[40112,1],[40212,1],[40312,1],[40412,1],[10601,1],[10480,1]]","[[5,1140],[22,1165],[1,1340],[7,13]]","[[3,1],[7,1],[10001,1],[29905,1],[10451,1],[40112,1],[40212,1],[40312,1],[40412,1],[10601,1],[10480,1]]"
90210,90210,9,3,0,396495,"[[3,1],[7,1],[10001,1],[29905,1],[10451,1],[40112,1],[40212,1],[40312,1],[40412,1]]","[[5,1140],[22,1155],[1,1330],[7,13]]","[[3,1],[7,1],[10001,1],[29905,1],[10451,1],[40112,1],[40212,1],[40312,1],[40412,1],[10601,1],[10480,1]]","[[5,1140],[22,1155],[1,1330],[7,13]]","[[3,1],[7,1],[10001,1],[29905,1],[10451,1],[40112,1],[40212,1],[40312,1],[40412,1],[10601,1],[10480,1]]"
90200,90200,9,3,1,396233,"[[3,1],[7,1],[10001,1],[29905,1],[10451,1],[40112,1],[40212,1],[40312,1],[40412,1]]","[[5,1140],[22,1155],[1,1330],[7,13]]","[[3,1],[7,1],[10001,1],[29905,1],[10451,1],[40112,1],[40212,1],[40312,1],[40412,1],[10601,1],[10480,1]]","[[5,1140],[22,1155],[1,1330],[7,13]]","[[3,1],[7,1],[10001,1],[29905,1],[10451,1],[40112,1],[40212,1],[40312,1],[40412,1],[10601,1],[10480,1]]"
90190,90190,9,3,0,395970,"[[3,1],[7,1],[10001,1],[29905,1],[10451,1],[40112,1],[40212,1],[40312,1],[40412,1]]","[[5,1130],[22,1155],[1,1330],[7,13]]","[[3,1],[7,1],[10001,1],[29905,1],[10451,1],[40112,1],[40212,1],[40312,1],[40412,1],[10601,1],[10480,1]]","[[5,1130],[22,1155],[1,1330],[7,13]]","[[3,1],[7,1],[10001,1],[29905,1],[10451,1],[40112,1],[40212,1],[40312,1],[40412,1],[10601,1],[10480,1]]"
90180,90180,9,3,0,395708,"[[3,1],[7,1],[10001,1],[29905,1],[10451,1],[40112,1],[40212,1],[40312,1],[40412,1]]","[[5,1130],[22,1145],[1,1320],[7,13]]","[[3,1],[7,1],[10001,1],[29905,1],[10451,1],[40112,1],[40212,1],[40312,1],[40412,1],[10601,1],[10480,1]]","[[5,1130],[22,1145],[1,1320],[7,13]]","[[3,1],[7,1],[10001,1],[29905,1],[10451,1],[40112,1],[40212,1],[40312,1],[40412,1],[10601,1],[10480,1]]"
90170,90170,9,3,0,395445,"[[3,1],[7,1],[10001,1],[29905,1],[10451,1],[40112,1],[40212,1],[40312,1],[40412,1]]","[[5,1130],[22,1145],[1,1320],[7,13]]","[[3,1],[7,1],[10001,1],[29905,1],[10451,1],[40112,1],[40212,1],[40312,1],[40412,1],[10601,1],[10480,1]]","[[5,1130],[22,1145],[1,1320],[7,13]]","[[3,1],[7,1],[10001,1],[29905,1],[10451,1],[40112,1],[40212,1],[40312,1],[40412,1],[10601,1],[10480,1]]"
90160,90160,9,3,0,395183,"[[3,1],[7,1],[10001,1],[29905,1],[10451,1],[40112,1],[40212,1],[40312,1],[40412,1]]","[[5,1120],[22,1145],[1,1320],[7,13]]","[[3,1],[7,1],[10001,1],[29905,1],[10451,1],[40112,1],[40212,1],[40312,1],[40412,1],[10601,1],[10480,1]]","[[5,1120],[22,1145],[1,1320],[7,13]]","[[3,1],[7,1],[10001,1],[29905,1],[10451,1],[40112,1],[40212,1],[40312,1],[40412,1],[10601,1],[10480,1]]"
90150,90150,9,3,1,394920,"[[3,1],[7,1],[10001,1],[29905,1],[10451,1],[40112,1],[40212,1],[40312,1],[40412,1]]","[[5,1120],[22,1135],[1,1310],[7,13]]","[[3,1],[7,1],[10001,1],[29905,1],[10451,1],[40112,1],[40212,1],[40312,1],[40412,1],[10601,1],[10480,1]]","[[5,1120],[22,1135],[1,1310],[7,13]]","[[3,1],[7,1],[10001,1],[29905,1],[10451,1],[40112,1],[40212,1],[40312,1],[40412,1],[10601,1],[10480,1]]"
90140,90140,9,3,0,381102,"[[3,1],[7,1],[10001,1],[29905,1],[10451,1],[40112,1],[40212,1],[40312,1],[40412,1]]","[[5,1120],[22,1135],[1,1310],[7,13]]","[[3,1],[7,1],[10001,1],[29905,1],[10451,1],[40112,1],[40212,1],[40312,1],[40412,1],[10601,1],[10480,1]]","[[5,1120],[22,1135],[1,1310],[7,13]]","[[3,1],[7,1],[10001,1],[29905,1],[10451,1],[40112,1],[40212,1],[40312,1],[40412,1],[10601,1],[10480,1]]"
90130,90130,9,3,0,380840,"[[3,1],[7,1],[10001,1],[29905,1],[10451,1],[40112,1],[40212,1],[40312,1],[40412,1]]","[[5,1110],[22,1135],[1,1310],[7,13]]","[[3,1],[7,1],[10001,1],[29905,1],[10451,1],[40112,1],[40212,1],[40312,1],[40412,1],[10601,1],[10480,1]]","[[5,1110],[22,1135],[1,1310],[7,13]]","[[3,1],[7,1],[10001,1],[29905,1],[10451,1],[40112,1],[40212,1],[40312,1],[40412,1],[10601,1],[10480,1]]"
90120,90120,9,3,0,380577,"[[3,1],[7,1],[10001,1],[29905,1],[10451,1],[40112,1],[40212,1],[40312,1],[40412,1]]","[[5,1110],[22,1125],[1,1300],[7,13]]","[[3,1],[7,1],[10001,1],[29905,1],[10451,1],[40112,1],[40212,1],[40312,1],[40412,1],[10601,1],[10480,1]]","[[5,1110],[22,1125],[1,1300],[7,13]]","[[3,1],[7,1],[10001,1],[29905,1],[10451,1],[40112,1],[40212,1],[40312,1],[40412,1],[10601,1],[10480,1]]"
90110,90110,9,3,0,380315,"[[3,1],[7,1],[10001,1],[29905,1],[10451,1],[40112,1],[40212,1],[40312,1],[40412,1]]","[[5,1110],[22,1125],[1,1300],[7,13]]","[[3,1],[7,1],[10001,1],[29905,1],[10451,1],[40112,1],[40212,1],[40312,1],[40412,1],[10601,1],[10480,1]]","[[5,1110],[22,1125],[1,1300],[7,13]]","[[3,1],[7,1],[10001,1],[29905,1],[10451,1],[40112,1],[40212,1],[40312,1],[40412,1],[10601,1],[10480,1]]"
90100,90100,9,3,1,380052,"[[3,1],[7,1],[10001,1],[29905,1],[10451,1],[40112,1],[40212,1],[40312,1],[40412,1]]","[[5,1100],[22,1125],[1,1300],[7,13]]","[[3,1],[7,1],[10001,1],[29905,1],[10451,1],[40112,1],[40212,1],[40312,1],[40412,1],[10601,1],[10480,1]]","[[5,1100],[22,1125],[1,1300],[7,13]]","[[3,1],[7,1],[10001,1],[29905,1],[10451,1],[40112,1],[40212,1],[40312,1],[40412,1],[10601,1],[10480,1]]"
90090,90090,9,3,0,372193,"[[3,1],[7,1],[10001,1],[29905,1],[10451,1],[40112,1],[40212,1],[40312,1],[40412,1]]","[[5,1100],[22,1115],[1,1290],[7,13]]","[[3,1],[7,1],[10001,1],[29905,1],[10451,1],[40112,1],[40212,1],[40312,1],[40412,1],[10601,1],[10480,1]]","[[5,1100],[22,1115],[1,1290],[7,13]]","[[3,1],[7,1],[10001,1],[29905,1],[10451,1],[40112,1],[40212,1],[40312,1],[40412,1],[10601,1],[10480,1]]"
90080,90080,9,3,0,371931,"[[3,1],[7,1],[10001,1],[29905,1],[10451,1],[40112,1],[40212,1],[40312,1],[40412,1]]","[[5,1100],[22,1115],[1,1290],[7,13]]","[[3,1],[7,1],[10001,1],[29905,1],[10451,1],[40112,1],[40212,1],[40312,1],[40412,1],[10601,1],[10480,1]]","[[5,1100],[22,1115],[1,1290],[7,13]]","[[3,1],[7,1],[10001,1],[29905,1],[10451,1],[40112,1],[40212,1],[40312,1],[40412,1],[10601,1],[10480,1]]"
90070,90070,9,3,0,371668,"[[3,1],[7,1],[10001,1],[29905,1],[10451,1],[40111,1],[40211,1],[40311,1],[40411,1]]","[[5,1090],[22,1115],[1,1290],[7,13]]","[[3,1],[7,1],[10001,1],[29905,1],[10451,1],[40111,1],[40211,1],[40311,1],[40411,1],[10601,1],[10480,1]]","[[5,1090],[22,1115],[1,1290],[7,13]]","[[3,1],[7,1],[10001,1],[29905,1],[10451,1],[40111,1],[40211,1],[40311,1],[40411,1],[10601,1],[10480,1]]"
90060,90060,9,3,0,371406,"[[3,1],[7,1],[10001,1],[29905,1],[10451,1],[40111,1],[40211,1],[40311,1],[40411,1]]","[[5,1090],[22,1105],[1,1280],[7,13]]","[[3,1],[7,1],[10001,1],[29905,1],[10451,1],[40111,1],[40211,1],[40311,1],[40411,1],[10601,1],[10480,1]]","[[5,1090],[22,1105],[1,1280],[7,13]]","[[3,1],[7,1],[10001,1],[29905,1],[10451,1],[40111,1],[40211,1],[40311,1],[40411,1],[10601,1],[10480,1]]"
90050,90050,9,3,1,371143,"[[3,1],[7,1],[10001,1],[29905,1],[10451,1],[40111,1],[40211,1],[40311,1],[40411,1]]","[[5,1090],[22,1105],[1,1280],[7,13]]","[[3,1],[7,1],[10001,1],[29905,1],[10451,1],[40111,1],[40211,1],[40311,1],[40411,1],[10601,1],[10480,1]]","[[5,1090],[22,1105],[1,1280],[7,13]]","[[3,1],[7,1],[10001,1],[29905,1],[10451,1],[40111,1],[40211,1],[40311,1],[40411,1],[10601,1],[10480,1]]"
90040,90040,9,3,0,363368,"[[3,1],[7,1],[10001,1],[29905,1],[10451,1],[40111,1],[40211,1],[40311,1],[40411,1]]","[[5,1080],[22,1105],[1,1280],[7,13]]","[[3,1],[7,1],[10001,1],[29905,1],[10451,1],[40111,1],[40211,1],[40311,1],[40411,1],[10601,1],[10480,1]]","[[5,1080],[22,1105],[1,1280],[7,13]]","[[3,1],[7,1],[10001,1],[29905,1],[10451,1],[40111,1],[40211,1],[40311,1],[40411,1],[10601,1],[10480,1]]"
90030,90030,9,3,0,363105,"[[3,1],[7,1],[10001,1],[29905,1],[10451,1],[40111,1],[40211,1],[40311,1],[40411,1]]","[[5,1080],[22,1095],[1,1270],[7,13]]","[[3,1],[7,1],[10001,1],[29905,1],[10451,1],[40111,1],[40211,1],[40311,1],[40411,1],[10601,1],[10480,1]]","[[5,1080],[22,1095],[1,1270],[7,13]]","[[3,1],[7,1],[10001,1],[29905,1],[10451,1],[40111,1],[40211,1],[40311,1],[40411,1],[10601,1],[10480,1]]"
90020,90020,9,3,0,362843,"[[3,1],[7,1],[10001,1],[29905,1],[10451,1],[40111,1],[40211,1],[40311,1],[40411,1]]","[[5,1080],[22,1095],[1,1270],[7,13]]","[[3,1],[7,1],[10001,1],[29905,1],[10451,1],[40111,1],[40211,1],[40311,1],[40411,1],[10601,1],[10480,1]]","[[5,1080],[22,1095],[1,1270],[7,13]]","[[3,1],[7,1],[10001,1],[29905,1],[10451,1],[40111,1],[40211,1],[40311,1],[40411,1],[10601,1],[10480,1]]"
90010,90010,9,3,0,362580,"[[3,1],[7,1],[10001,1],[29905,1],[10451,1],[40111,1],[40211,1],[40311,1],[40411,1]]","[[5,1070],[22,1095],[1,1270],[7,13]]","[[3,1],[7,1],[10001,1],[29905,1],[10451,1],[40111,1],[40211,1],[40311,1],[40411,1],[10601,1],[10480,1]]","[[5,1070],[22,1095],[1,1270],[7,13]]","[[3,1],[7,1],[10001,1],[29905,1],[10451,1],[40111,1],[40211,1],[40311,1],[40411,1],[10601,1],[10480,1]]"
80400,80400,8,2,1,362318,"[[3,1],[7,1],[10001,1],[29905,1],[10451,1],[40111,1],[40211,1],[40311,1],[40411,1]]","[[5,1070],[22,1085],[1,1260],[7,13]]","[[3,1],[7,1],[10001,1],[29905,1],[10451,1],[40111,1],[40211,1],[40311,1],[40411,1],[10601,1],[10480,1]]","[[5,1070],[22,1085],[1,1260],[7,13]]","[[3,1],[7,1],[10001,1],[29905,1],[10451,1],[40111,1],[40211,1],[40311,1],[40411,1],[10601,1],[10480,1]]"
80390,80390,8,2,0,354648,"[[3,1],[7,1],[10001,1],[29905,1],[10451,1],[40111,1],[40211,1],[40311,1],[40411,1]]","[[5,1070],[22,1085],[1,1260],[7,13]]","[[3,1],[7,1],[10001,1],[29905,1],[10451,1],[40111,1],[40211,1],[40311,1],[40411,1],[10601,1],[10480,1]]","[[5,1070],[22,1085],[1,1260],[7,13]]","[[3,1],[7,1],[10001,1],[29905,1],[10451,1],[40111,1],[40211,1],[40311,1],[40411,1],[10601,1],[10480,1]]"
80380,80380,8,2,0,354385,"[[3,1],[7,1],[10001,1],[29905,1],[10451,1],[40111,1],[40211,1],[40311,1],[40411,1]]","[[5,1060],[22,1085],[1,1260],[7,13]]","[[3,1],[7,1],[10001,1],[29905,1],[10451,1],[40111,1],[40211,1],[40311,1],[40411,1],[10601,1],[10480,1]]","[[5,1060],[22,1085],[1,1260],[7,13]]","[[3,1],[7,1],[10001,1],[29905,1],[10451,1],[40111,1],[40211,1],[40311,1],[40411,1],[10601,1],[10480,1]]"
80370,80370,8,2,0,354123,"[[3,1],[7,1],[10001,1],[29905,1],[10451,1],[40111,1],[40211,1],[40311,1],[40411,1]]","[[5,1060],[22,1075],[1,1250],[7,13]]","[[3,1],[7,1],[10001,1],[29905,1],[10451,1],[40111,1],[40211,1],[40311,1],[40411,1],[10601,1],[10480,1]]","[[5,1060],[22,1075],[1,1250],[7,13]]","[[3,1],[7,1],[10001,1],[29905,1],[10451,1],[40111,1],[40211,1],[40311,1],[40411,1],[10601,1],[10480,1]]"
80360,80360,8,2,0,353860,"[[3,1],[7,1],[10001,1],[29905,1],[10451,1],[40111,1],[40211,1],[40311,1],[40411,1]]","[[5,1060],[22,1075],[1,1250],[7,13]]","[[3,1],[7,1],[10001,1],[29905,1],[10451,1],[40111,1],[40211,1],[40311,1],[40411,1],[10601,1],[10480,1]]","[[5,1060],[22,1075],[1,1250],[7,13]]","[[3,1],[7,1],[10001,1],[29905,1],[10451,1],[40111,1],[40211,1],[40311,1],[40411,1],[10601,1],[10480,1]]"
80350,80350,8,2,1,353598,"[[3,1],[7,1],[10001,1],[29905,1],[10451,1],[40111,1],[40211,1],[40311,1],[40411,1]]","[[5,1050],[22,1075],[1,1250],[7,13]]","[[3,1],[7,1],[10001,1],[29905,1],[10451,1],[40111,1],[40211,1],[40311,1],[40411,1],[10601,1],[10480,1]]","[[5,1050],[22,1075],[1,1250],[7,13]]","[[3,1],[7,1],[10001,1],[29905,1],[10451,1],[40111,1],[40211,1],[40311,1],[40411,1],[10601,1],[10480,1]]"
80340,80340,8,2,0,346011,"[[3,1],[7,1],[10001,1],[29905,1],[10451,1],[40111,1],[40211,1],[40311,1],[40411,1]]","[[5,1050],[22,1065],[1,1240],[7,13]]","[[3,1],[7,1],[10001,1],[29905,1],[10451,1],[40111,1],[40211,1],[40311,1],[40411,1],[10601,1],[10480,1]]","[[5,1050],[22,1065],[1,1240],[7,13]]","[[3,1],[7,1],[10001,1],[29905,1],[10451,1],[40111,1],[40211,1],[40311,1],[40411,1],[10601,1],[10480,1]]"
80330,80330,8,2,0,345749,"[[3,1],[7,1],[10001,1],[29905,1],[10451,1],[40111,1],[40211,1],[40311,1],[40411,1]]","[[5,1050],[22,1065],[1,1240],[7,13]]","[[3,1],[7,1],[10001,1],[29905,1],[10451,1],[40111,1],[40211,1],[40311,1],[40411,1],[10601,1],[10480,1]]","[[5,1050],[22,1065],[1,1240],[7,13]]","[[3,1],[7,1],[10001,1],[29905,1],[10451,1],[40111,1],[40211,1],[40311,1],[40411,1],[10601,1],[10480,1]]"
80320,80320,8,2,0,345486,"[[3,1],[7,1],[10001,1],[29905,1],[10451,1],[40111,1],[40211,1],[40311,1],[40411,1]]","[[5,1040],[22,1065],[1,1240],[7,13]]","[[3,1],[7,1],[10001,1],[29905,1],[10451,1],[40111,1],[40211,1],[40311,1],[40411,1],[10601,1],[10480,1]]","[[5,1040],[22,1065],[1,1240],[7,13]]","[[3,1],[7,1],[10001,1],[29905,1],[10451,1],[40111,1],[40211,1],[40311,1],[40411,1],[10601,1],[10480,1]]"
80310,80310,8,2,0,345224,"[[3,1],[7,1],[10001,1],[29905,1],[10451,1],[40111,1],[40211,1],[40311,1],[40411,1]]","[[5,1040],[22,1055],[1,1230],[7,13]]","[[3,1],[7,1],[10001,1],[29905,1],[10451,1],[40111,1],[40211,1],[40311,1],[40411,1],[10601,1],[10480,1]]","[[5,1040],[22,1055],[1,1230],[7,13]]","[[3,1],[7,1],[10001,1],[29905,1],[10451,1],[40111,1],[40211,1],[40311,1],[40411,1],[10601,1],[10480,1]]"
80300,80300,8,2,1,344961,"[[3,1],[7,1],[10001,1],[29905,1],[10451,1],[40111,1],[40211,1],[40311,1],[40411,1]]","[[5,1040],[22,1055],[1,1230],[7,13]]","[[3,1],[7,1],[10001,1],[29905,1],[10451,1],[40111,1],[40211,1],[40311,1],[40411,1],[10601,1],[10480,1]]","[[5,1040],[22,1055],[1,1230],[7,13]]","[[3,1],[7,1],[10001,1],[29905,1],[10451,1],[40111,1],[40211,1],[40311,1],[40411,1],[10601,1],[10480,1]]"
80290,80290,8,2,0,337758,"[[3,1],[7,1],[10001,1],[29905,1],[10451,1],[40111,1],[40211,1],[40311,1],[40411,1]]","[[5,1030],[22,1055],[1,1230],[7,13]]","[[3,1],[7,1],[10001,1],[29905,1],[10451,1],[40111,1],[40211,1],[40311,1],[40411,1],[10601,1],[10480,1]]","[[5,1030],[22,1055],[1,1230],[7,13]]","[[3,1],[7,1],[10001,1],[29905,1],[10451,1],[40111,1],[40211,1],[40311,1],[40411,1],[10601,1],[10480,1]]"
80280,80280,8,2,0,337496,"[[3,1],[7,1],[10001,1],[29905,1],[10451,1],[40111,1],[40211,1],[40311,1],[40411,1]]","[[5,1030],[22,1045],[1,1220],[7,13]]","[[3,1],[7,1],[10001,1],[29905,1],[10451,1],[40111,1],[40211,1],[40311,1],[40411,1],[10601,1],[10480,1]]","[[5,1030],[22,1045],[1,1220],[7,13]]","[[3,1],[7,1],[10001,1],[29905,1],[10451,1],[40111,1],[40211,1],[40311,1],[40411,1],[10601,1],[10480,1]]"
80270,80270,8,2,0,337233,"[[3,1],[7,1],[10001,1],[29905,1],[10451,1],[40111,1],[40211,1],[40311,1],[40411,1]]","[[5,1030],[22,1045],[1,1220],[7,13]]","[[3,1],[7,1],[10001,1],[29905,1],[10451,1],[40111,1],[40211,1],[40311,1],[40411,1],[10601,1],[10480,1]]","[[5,1030],[22,1045],[1,1220],[7,13]]","[[3,1],[7,1],[10001,1],[29905,1],[10451,1],[40111,1],[40211,1],[40311,1],[40411,1],[10601,1],[10480,1]]"
80260,80260,8,2,0,336971,"[[3,1],[7,1],[10001,1],[29905,1],[10451,1],[40111,1],[40211,1],[40311,1],[40411,1]]","[[5,1020],[22,1045],[1,1220],[7,13]]","[[3,1],[7,1],[10001,1],[29905,1],[10451,1],[40111,1],[40211,1],[40311,1],[40411,1],[10601,1],[10480,1]]","[[5,1020],[22,1045],[1,1220],[7,13]]","[[3,1],[7,1],[10001,1],[29905,1],[10451,1],[40111,1],[40211,1],[40311,1],[40411,1],[10601,1],[10480,1]]"
80250,80250,8,2,1,330351,"[[3,1],[7,1],[10001,1],[29905,1],[10451,1],[40111,1],[40211,1],[40311,1],[40411,1]]","[[5,1020],[22,1035],[1,1210],[7,13]]","[[3,1],[7,1],[10001,1],[29905,1],[10451,1],[40111,1],[40211,1],[40311,1],[40411,1],[10601,1],[10480,1]]","[[5,1020],[22,1035],[1,1210],[7,13]]","[[3,1],[7,1],[10001,1],[29905,1],[10451,1],[40111,1],[40211,1],[40311,1],[40411,1],[10601,1],[10480,1]]"
80240,80240,8,2,0,330088,"[[3,1],[7,1],[10001,1],[29905,1],[10451,1],[40111,1],[40211,1],[40311,1],[40411,1]]","[[5,1020],[22,1035],[1,1210],[7,13]]","[[3,1],[7,1],[10001,1],[29905,1],[10451,1],[40111,1],[40211,1],[40311,1],[40411,1],[10601,1],[10480,1]]","[[5,1020],[22,1035],[1,1210],[7,13]]","[[3,1],[7,1],[10001,1],[29905,1],[10451,1],[40111,1],[40211,1],[40311,1],[40411,1],[10601,1],[10480,1]]"
80230,80230,8,2,0,329826,"[[3,1],[7,1],[10001,1],[29905,1],[10451,1],[40111,1],[40211,1],[40311,1],[40411,1]]","[[5,1010],[22,1035],[1,1210],[7,13]]","[[3,1],[7,1],[10001,1],[29905,1],[10451,1],[40111,1],[40211,1],[40311,1],[40411,1],[10601,1],[10480,1]]","[[5,1010],[22,1035],[1,1210],[7,13]]","[[3,1],[7,1],[10001,1],[29905,1],[10451,1],[40111,1],[40211,1],[40311,1],[40411,1],[10601,1],[10480,1]]"
80220,80220,8,2,0,329563,"[[3,1],[7,1],[10001,1],[29905,1],[10451,1],[40111,1],[40211,1],[40311,1],[40411,1]]","[[5,1010],[22,1025],[1,1200],[7,13]]","[[3,1],[7,1],[10001,1],[29905,1],[10451,1],[40111,1],[40211,1],[40311,1],[40411,1],[10601,1],[10480,1]]","[[5,1010],[22,1025],[1,1200],[7,13]]","[[3,1],[7,1],[10001,1],[29905,1],[10451,1],[40111,1],[40211,1],[40311,1],[40411,1],[10601,1],[10480,1]]"
80210,80210,8,2,0,329301,"[[3,1],[7,1],[10001,1],[29905,1],[10451,1],[40111,1],[40211,1],[40311,1],[40411,1]]","[[5,1010],[22,1025],[1,1200],[7,13]]","[[3,1],[7,1],[10001,1],[29905,1],[10451,1],[40111,1],[40211,1],[40311,1],[40411,1],[10601,1],[10480,1]]","[[5,1010],[22,1025],[1,1200],[7,13]]","[[3,1],[7,1],[10001,1],[29905,1],[10451,1],[40111,1],[40211,1],[40311,1],[40411,1],[10601,1],[10480,1]]"
80200,80200,8,2,1,329038,"[[3,1],[7,1],[10001,1],[29905,1],[10451,1],[40111,1],[40211,1],[40311,1],[40411,1]]","[[5,1000],[22,1025],[1,1200],[7,12]]","[[3,1],[7,1],[10001,1],[29905,1],[10451,1],[40111,1],[40211,1],[40311,1],[40411,1],[10601,1],[10480,1]]","[[5,1000],[22,1025],[1,1200],[7,12]]","[[3,1],[7,1],[10001,1],[29905,1],[10451,1],[40111,1],[40211,1],[40311,1],[40411,1],[10601,1],[10480,1]]"
80190,80190,8,2,0,322507,"[[3,1],[7,1],[10001,1],[29905,1],[10451,1],[40111,1],[40211,1],[40311,1],[40411,1]]","[[5,1000],[22,1015],[1,1190],[7,12]]","[[3,1],[7,1],[10001,1],[29905,1],[10451,1],[40111,1],[40211,1],[40311,1],[40411,1],[10601,1],[10480,1]]","[[5,1000],[22,1015],[1,1190],[7,12]]","[[3,1],[7,1],[10001,1],[29905,1],[10451,1],[40111,1],[40211,1],[40311,1],[40411,1],[10601,1],[10480,1]]"
80180,80180,8,2,0,322245,"[[3,1],[7,1],[10001,1],[29905,1],[10451,1],[40111,1],[40211,1],[40311,1],[40411,1]]","[[5,1000],[22,1015],[1,1190],[7,12]]","[[3,1],[7,1],[10001,1],[29905,1],[10451,1],[40111,1],[40211,1],[40311,1],[40411,1],[10601,1],[10480,1]]","[[5,1000],[22,1015],[1,1190],[7,12]]","[[3,1],[7,1],[10001,1],[29905,1],[10451,1],[40111,1],[40211,1],[40311,1],[40411,1],[10601,1],[10480,1]]"
80170,80170,8,2,0,321982,"[[3,1],[7,1],[10001,1],[29905,1],[10451,1],[40110,1],[40210,1],[40310,1],[40410,1]]","[[5,990],[22,1015],[1,1190],[7,12]]","[[3,1],[7,1],[10001,1],[29905,1],[10451,1],[40110,1],[40210,1],[40310,1],[40410,1],[10601,1],[10480,1]]","[[5,990],[22,1015],[1,1190],[7,12]]","[[3,1],[7,1],[10001,1],[29905,1],[10451,1],[40110,1],[40210,1],[40310,1],[40410,1],[10601,1],[10480,1]]"
80160,80160,8,2,0,321720,"[[3,1],[7,1],[10001,1],[29905,1],[10451,1],[40110,1],[40210,1],[40310,1],[40410,1]]","[[5,990],[22,1005],[1,1180],[7,12]]","[[3,1],[7,1],[10001,1],[29905,1],[10451,1],[40110,1],[40210,1],[40310,1],[40410,1],[10601,1],[10480,1]]","[[5,990],[22,1005],[1,1180],[7,12]]","[[3,1],[7,1],[10001,1],[29905,1],[10451,1],[40110,1],[40210,1],[40310,1],[40410,1],[10601,1],[10480,1]]"
80150,80150,8,2,1,321457,"[[3,1],[7,1],[10001,1],[29905,1],[10451,1],[40110,1],[40210,1],[40310,1],[40410,1]]","[[5,990],[22,1005],[1,1180],[7,12]]","[[3,1],[7,1],[10001,1],[29905,1],[10451,1],[40110,1],[40210,1],[40310,1],[40410,1],[10601,1],[10480,1]]","[[5,990],[22,1005],[1,1180],[7,12]]","[[3,1],[7,1],[10001,1],[29905,1],[10451,1],[40110,1],[40210,1],[40310,1],[40410,1],[10601,1],[10480,1]]"
80140,80140,8,2,0,321195,"[[3,1],[7,1],[10001,1],[29905,1],[10451,1],[40110,1],[40210,1],[40310,1],[40410,1]]","[[5,980],[22,1005],[1,1180],[7,12]]","[[3,1],[7,1],[10001,1],[29905,1],[10451,1],[40110,1],[40210,1],[40310,1],[40410,1],[10601,1],[10480,1]]","[[5,980],[22,1005],[1,1180],[7,12]]","[[3,1],[7,1],[10001,1],[29905,1],[10451,1],[40110,1],[40210,1],[40310,1],[40410,1],[10601,1],[10480,1]]"
80130,80130,8,2,0,314763,"[[3,1],[7,1],[10001,1],[29905,1],[10451,1],[40110,1],[40210,1],[40310,1],[40410,1]]","[[5,980],[22,995],[1,1170],[7,12]]","[[3,1],[7,1],[10001,1],[29905,1],[10451,1],[40110,1],[40210,1],[40310,1],[40410,1],[10601,1],[10480,1]]","[[5,980],[22,995],[1,1170],[7,12]]","[[3,1],[7,1],[10001,1],[29905,1],[10451,1],[40110,1],[40210,1],[40310,1],[40410,1],[10601,1],[10480,1]]"
80120,80120,8,2,0,314501,"[[3,1],[7,1],[10001,1],[29905,1],[10451,1],[40110,1],[40210,1],[40310,1],[40410,1]]","[[5,980],[22,995],[1,1170],[7,12]]","[[3,1],[7,1],[10001,1],[29905,1],[10451,1],[40110,1],[40210,1],[40310,1],[40410,1],[10601,1],[10480,1]]","[[5,980],[22,995],[1,1170],[7,12]]","[[3,1],[7,1],[10001,1],[29905,1],[10451,1],[40110,1],[40210,1],[40310,1],[40410,1],[10601,1],[10480,1]]"
80110,80110,8,2,0,314238,"[[3,1],[7,1],[10001,1],[29905,1],[10451,1],[40110,1],[40210,1],[40310,1],[40410,1]]","[[5,970],[22,995],[1,1170],[7,12]]","[[3,1],[7,1],[10001,1],[29905,1],[10451,1],[40110,1],[40210,1],[40310,1],[40410,1],[10601,1],[10480,1]]","[[5,970],[22,995],[1,1170],[7,12]]","[[3,1],[7,1],[10001,1],[29905,1],[10451,1],[40110,1],[40210,1],[40310,1],[40410,1],[10601,1],[10480,1]]"
80100,80100,8,2,1,313976,"[[3,1],[7,1],[10001,1],[29905,1],[10451,1],[40110,1],[40210,1],[40310,1],[40410,1]]","[[5,970],[22,985],[1,1160],[7,12]]","[[3,1],[7,1],[10001,1],[29905,1],[10451,1],[40110,1],[40210,1],[40310,1],[40410,1],[10601,1],[10480,1]]","[[5,970],[22,985],[1,1160],[7,12]]","[[3,1],[7,1],[10001,1],[29905,1],[10451,1],[40110,1],[40210,1],[40310,1],[40410,1],[10601,1],[10480,1]]"
80090,80090,8,2,0,313713,"[[3,1],[7,1],[10001,1],[29905,1],[10451,1],[40110,1],[40210,1],[40310,1],[40410,1]]","[[5,970],[22,985],[1,1160],[7,12]]","[[3,1],[7,1],[10001,1],[29905,1],[10451,1],[40110,1],[40210,1],[40310,1],[40410,1],[10601,1],[10480,1]]","[[5,970],[22,985],[1,1160],[7,12]]","[[3,1],[7,1],[10001,1],[29905,1],[10451,1],[40110,1],[40210,1],[40310,1],[40410,1],[10601,1],[10480,1]]"
80080,80080,8,2,0,313451,"[[3,1],[7,1],[10001,1],[29905,1],[10451,1],[40110,1],[40210,1],[40310,1],[40410,1]]","[[5,960],[22,985],[1,1160],[7,12]]","[[3,1],[7,1],[10001,1],[29905,1],[10451,1],[40110,1],[40210,1],[40310,1],[40410,1],[10601,1],[10480,1]]","[[5,960],[22,985],[1,1160],[7,12]]","[[3,1],[7,1],[10001,1],[29905,1],[10451,1],[40110,1],[40210,1],[40310,1],[40410,1],[10601,1],[10480,1]]"
80070,80070,8,2,0,307093,"[[3,1],[7,1],[10001,1],[29905,1],[10451,1],[40110,1],[40210,1],[40310,1],[40410,1]]","[[5,960],[22,975],[1,1150],[7,12]]","[[3,1],[7,1],[10001,1],[29905,1],[10451,1],[40110,1],[40210,1],[40310,1],[40410,1],[10601,1],[10480,1]]","[[5,960],[22,975],[1,1150],[7,12]]","[[3,1],[7,1],[10001,1],[29905,1],[10451,1],[40110,1],[40210,1],[40310,1],[40410,1],[10601,1],[10480,1]]"
80060,80060,8,2,0,306831,"[[3,1],[7,1],[10001,1],[29905,1],[10451,1],[40110,1],[40210,1],[40310,1],[40410,1]]","[[5,960],[22,975],[1,1150],[7,12]]","[[3,1],[7,1],[10001,1],[29905,1],[10451,1],[40110,1],[40210,1],[40310,1],[40410,1],[10601,1],[10480,1]]","[[5,960],[22,975],[1,1150],[7,12]]","[[3,1],[7,1],[10001,1],[29905,1],[10451,1],[40110,1],[40210,1],[40310,1],[40410,1],[10601,1],[10480,1]]"
80050,80050,8,2,1,306568,"[[3,1],[7,1],[10001,1],[29905,1],[10451,1],[40110,1],[40210,1],[40310,1],[40410,1]]","[[5,950],[22,975],[1,1150],[7,12]]","[[3,1],[7,1],[10001,1],[29905,1],[10451,1],[40110,1],[40210,1],[40310,1],[40410,1],[10601,1],[10480,1]]","[[5,950],[22,975],[1,1150],[7,12]]","[[3,1],[7,1],[10001,1],[29905,1],[10451,1],[40110,1],[40210,1],[40310,1],[40410,1],[10601,1],[10480,1]]"
80040,80040,8,2,0,306306,"[[3,1],[7,1],[10001,1],[29905,1],[10451,1],[40110,1],[40210,1],[40310,1],[40410,1]]","[[5,950],[22,965],[1,1140],[7,12]]","[[3,1],[7,1],[10001,1],[29905,1],[10451,1],[40110,1],[40210,1],[40310,1],[40410,1],[10601,1],[10480,1]]","[[5,950],[22,965],[1,1140],[7,12]]","[[3,1],[7,1],[10001,1],[29905,1],[10451,1],[40110,1],[40210,1],[40310,1],[40410,1],[10601,1],[10480,1]]"
80030,80030,8,2,0,306043,"[[3,1],[7,1],[10001,1],[29905,1],[10451,1],[40110,1],[40210,1],[40310,1],[40410,1]]","[[5,950],[22,965],[1,1140],[7,12]]","[[3,1],[7,1],[10001,1],[29905,1],[10451,1],[40110,1],[40210,1],[40310,1],[40410,1],[10601,1],[10480,1]]","[[5,950],[22,965],[1,1140],[7,12]]","[[3,1],[7,1],[10001,1],[29905,1],[10451,1],[40110,1],[40210,1],[40310,1],[40410,1],[10601,1],[10480,1]]"
80020,80020,8,2,0,305781,"[[3,1],[7,1],[10001,1],[29905,1],[10451,1],[40110,1],[40210,1],[40310,1],[40410,1]]","[[5,940],[22,965],[1,1140],[7,12]]","[[3,1],[7,1],[10001,1],[29905,1],[10451,1],[40110,1],[40210,1],[40310,1],[40410,1],[10601,1],[10480,1]]","[[5,940],[22,965],[1,1140],[7,12]]","[[3,1],[7,1],[10001,1],[29905,1],[10451,1],[40110,1],[40210,1],[40310,1],[40410,1],[10601,1],[10480,1]]"
80010,80010,8,2,0,295076,"[[3,1],[7,1],[10001,1],[29905,1],[10451,1],[40110,1],[40210,1],[40310,1],[40410,1]]","[[5,940],[22,955],[1,1130],[7,12]]","[[3,1],[7,1],[10001,1],[29905,1],[10451,1],[40110,1],[40210,1],[40310,1],[40410,1],[10601,1],[10480,1]]","[[5,940],[22,955],[1,1130],[7,12]]","[[3,1],[7,1],[10001,1],[29905,1],[10451,1],[40110,1],[40210,1],[40310,1],[40410,1],[10601,1],[10480,1]]"
70400,70400,7,2,1,294813,"[[3,1],[7,1],[10001,1],[29905,1],[10451,1],[40110,1],[40210,1],[40310,1],[40410,1]]","[[5,940],[22,955],[1,1130],[7,12]]","[[3,1],[7,1],[10001,1],[29905,1],[10451,1],[40110,1],[40210,1],[40310,1],[40410,1],[10601,1]]","[[5,940],[22,955],[1,1130],[7,12]]","[[3,1],[7,1],[10001,1],[29905,1],[10451,1],[40110,1],[40210,1],[40310,1],[40410,1],[10601,1]]"
70390,70390,7,2,0,294551,"[[3,1],[7,1],[10001,1],[29905,1],[10451,1],[40110,1],[40210,1],[40310,1],[40410,1]]","[[5,930],[22,955],[1,1130],[7,12]]","[[3,1],[7,1],[10001,1],[29905,1],[10451,1],[40110,1],[40210,1],[40310,1],[40410,1],[10601,1]]","[[5,930],[22,955],[1,1130],[7,12]]","[[3,1],[7,1],[10001,1],[29905,1],[10451,1],[40110,1],[40210,1],[40310,1],[40410,1],[10601,1]]"
70380,70380,7,2,0,294288,"[[3,1],[7,1],[10001,1],[29905,1],[10451,1],[40110,1],[40210,1],[40310,1],[40410,1]]","[[5,930],[22,945],[1,1120],[7,12]]","[[3,1],[7,1],[10001,1],[29905,1],[10451,1],[40110,1],[40210,1],[40310,1],[40410,1],[10601,1]]","[[5,930],[22,945],[1,1120],[7,12]]","[[3,1],[7,1],[10001,1],[29905,1],[10451,1],[40110,1],[40210,1],[40310,1],[40410,1],[10601,1]]"
70370,70370,7,2,0,294026,"[[3,1],[7,1],[10001,1],[29905,1],[10451,1],[40110,1],[40210,1],[40310,1],[40410,1]]","[[5,930],[22,945],[1,1120],[7,12]]","[[3,1],[7,1],[10001,1],[29905,1],[10451,1],[40110,1],[40210,1],[40310,1],[40410,1],[10601,1]]","[[5,930],[22,945],[1,1120],[7,12]]","[[3,1],[7,1],[10001,1],[29905,1],[10451,1],[40110,1],[40210,1],[40310,1],[40410,1],[10601,1]]"
70360,70360,7,2,0,293763,"[[3,1],[7,1],[10001,1],[29905,1],[10451,1],[40110,1],[40210,1],[40310,1],[40410,1]]","[[5,920],[22,945],[1,1120],[7,12]]","[[3,1],[7,1],[10001,1],[29905,1],[10451,1],[40110,1],[40210,1],[40310,1],[40410,1],[10601,1]]","[[5,920],[22,945],[1,1120],[7,12]]","[[3,1],[7,1],[10001,1],[29905,1],[10451,1],[40110,1],[40210,1],[40310,1],[40410,1],[10601,1]]"
70350,70350,7,2,1,287936,"[[3,1],[7,1],[10001,1],[29905,1],[10451,1],[40110,1],[40210,1],[40310,1],[40410,1]]","[[5,920],[22,935],[1,1110],[7,12]]","[[3,1],[7,1],[10001,1],[29905,1],[10451,1],[40110,1],[40210,1],[40310,1],[40410,1],[10601,1]]","[[5,920],[22,935],[1,1110],[7,12]]","[[3,1],[7,1],[10001,1],[29905,1],[10451,1],[40110,1],[40210,1],[40310,1],[40410,1],[10601,1]]"
70340,70340,7,2,0,287673,"[[3,1],[7,1],[10001,1],[29905,1],[10451,1],[40110,1],[40210,1],[40310,1],[40410,1]]","[[5,920],[22,935],[1,1110],[7,12]]","[[3,1],[7,1],[10001,1],[29905,1],[10451,1],[40110,1],[40210,1],[40310,1],[40410,1],[10601,1]]","[[5,920],[22,935],[1,1110],[7,12]]","[[3,1],[7,1],[10001,1],[29905,1],[10451,1],[40110,1],[40210,1],[40310,1],[40410,1],[10601,1]]"
70330,70330,7,2,0,287411,"[[3,1],[7,1],[10001,1],[29905,1],[10451,1],[40110,1],[40210,1],[40310,1],[40410,1]]","[[5,910],[22,935],[1,1110],[7,12]]","[[3,1],[7,1],[10001,1],[29905,1],[10451,1],[40110,1],[40210,1],[40310,1],[40410,1],[10601,1]]","[[5,910],[22,935],[1,1110],[7,12]]","[[3,1],[7,1],[10001,1],[29905,1],[10451,1],[40110,1],[40210,1],[40310,1],[40410,1],[10601,1]]"
70320,70320,7,2,0,287148,"[[3,1],[7,1],[10001,1],[29905,1],[10451,1],[40110,1],[40210,1],[40310,1],[40410,1]]","[[5,910],[22,925],[1,1100],[7,12]]","[[3,1],[7,1],[10001,1],[29905,1],[10451,1],[40110,1],[40210,1],[40310,1],[40410,1],[10601,1]]","[[5,910],[22,925],[1,1100],[7,12]]","[[3,1],[7,1],[10001,1],[29905,1],[10451,1],[40110,1],[40210,1],[40310,1],[40410,1],[10601,1]]"
70310,70310,7,2,0,286886,"[[3,1],[7,1],[10001,1],[29905,1],[10451,1],[40110,1],[40210,1],[40310,1],[40410,1]]","[[5,910],[22,925],[1,1100],[7,12]]","[[3,1],[7,1],[10001,1],[29905,1],[10451,1],[40110,1],[40210,1],[40310,1],[40410,1],[10601,1]]","[[5,910],[22,925],[1,1100],[7,12]]","[[3,1],[7,1],[10001,1],[29905,1],[10451,1],[40110,1],[40210,1],[40310,1],[40410,1],[10601,1]]"
70300,70300,7,2,1,286623,"[[3,1],[7,1],[10001,1],[29905,1],[10451,1],[40110,1],[40210,1],[40310,1],[40410,1]]","[[5,900],[22,925],[1,1100],[7,12]]","[[3,1],[7,1],[10001,1],[29905,1],[10451,1],[40110,1],[40210,1],[40310,1],[40410,1],[10601,1]]","[[5,900],[22,925],[1,1100],[7,12]]","[[3,1],[7,1],[10001,1],[29905,1],[10451,1],[40110,1],[40210,1],[40310,1],[40410,1],[10601,1]]"
70290,70290,7,2,0,280859,"[[3,1],[7,1],[10001,1],[29905,1],[10451,1],[40110,1],[40210,1],[40310,1],[40410,1]]","[[5,900],[22,915],[1,1090],[7,12]]","[[3,1],[7,1],[10001,1],[29905,1],[10451,1],[40110,1],[40210,1],[40310,1],[40410,1],[10601,1]]","[[5,900],[22,915],[1,1090],[7,12]]","[[3,1],[7,1],[10001,1],[29905,1],[10451,1],[40110,1],[40210,1],[40310,1],[40410,1],[10601,1]]"
70280,70280,7,2,0,280596,"[[3,1],[7,1],[10001,1],[29905,1],[10451,1],[40110,1],[40210,1],[40310,1],[40410,1]]","[[5,900],[22,915],[1,1090],[7,12]]","[[3,1],[7,1],[10001,1],[29905,1],[10451,1],[40110,1],[40210,1],[40310,1],[40410,1],[10601,1]]","[[5,900],[22,915],[1,1090],[7,12]]","[[3,1],[7,1],[10001,1],[29905,1],[10451,1],[40110,1],[40210,1],[40310,1],[40410,1],[10601,1]]"
70270,70270,7,2,0,280334,"[[3,1],[7,1],[10001,1],[29905,1],[10451,1],[40109,1],[40209,1],[40309,1],[40409,1]]","[[5,890],[22,915],[1,1090],[7,12]]","[[3,1],[7,1],[10001,1],[29905,1],[10451,1],[40109,1],[40209,1],[40309,1],[40409,1],[10601,1]]","[[5,890],[22,915],[1,1090],[7,12]]","[[3,1],[7,1],[10001,1],[29905,1],[10451,1],[40109,1],[40209,1],[40309,1],[40409,1],[10601,1]]"
70260,70260,7,2,0,280071,"[[3,1],[7,1],[10001,1],[29905,1],[10451,1],[40109,1],[40209,1],[40309,1],[40409,1]]","[[5,890],[22,905],[1,1080],[7,12]]","[[3,1],[7,1],[10001,1],[29905,1],[10451,1],[40109,1],[40209,1],[40309,1],[40409,1],[10601,1]]","[[5,890],[22,905],[1,1080],[7,12]]","[[3,1],[7,1],[10001,1],[29905,1],[10451,1],[40109,1],[40209,1],[40309,1],[40409,1],[10601,1]]"
70250,70250,7,2,1,279809,"[[3,1],[7,1],[10001,1],[29905,1],[10451,1],[40109,1],[40209,1],[40309,1],[40409,1]]","[[5,890],[22,905],[1,1080],[7,12]]","[[3,1],[7,1],[10001,1],[29905,1],[10451,1],[40109,1],[40209,1],[40309,1],[40409,1],[10601,1]]","[[5,890],[22,905],[1,1080],[7,12]]","[[3,1],[7,1],[10001,1],[29905,1],[10451,1],[40109,1],[40209,1],[40309,1],[40409,1],[10601,1]]"
70240,70240,7,2,0,279546,"[[3,1],[7,1],[10001,1],[29905,1],[10451,1],[40109,1],[40209,1],[40309,1],[40409,1]]","[[5,880],[22,905],[1,1080],[7,12]]","[[3,1],[7,1],[10001,1],[29905,1],[10451,1],[40109,1],[40209,1],[40309,1],[40409,1],[10601,1]]","[[5,880],[22,905],[1,1080],[7,12]]","[[3,1],[7,1],[10001,1],[29905,1],[10451,1],[40109,1],[40209,1],[40309,1],[40409,1],[10601,1]]"
70230,70230,7,2,0,273918,"[[3,1],[7,1],[10001,1],[29905,1],[10451,1],[40109,1],[40209,1],[40309,1],[40409,1]]","[[5,880],[22,895],[1,1070],[7,12]]","[[3,1],[7,1],[10001,1],[29905,1],[10451,1],[40109,1],[40209,1],[40309,1],[40409,1],[10601,1]]","[[5,880],[22,895],[1,1070],[7,12]]","[[3,1],[7,1],[10001,1],[29905,1],[10451,1],[40109,1],[40209,1],[40309,1],[40409,1],[10601,1]]"
70220,70220,7,2,0,273656,"[[3,1],[7,1],[10001,1],[29905,1],[10451,1],[40109,1],[40209,1],[40309,1],[40409,1]]","[[5,880],[22,895],[1,1070],[7,12]]","[[3,1],[7,1],[10001,1],[29905,1],[10451,1],[40109,1],[40209,1],[40309,1],[40409,1],[10601,1]]","[[5,880],[22,895],[1,1070],[7,12]]","[[3,1],[7,1],[10001,1],[29905,1],[10451,1],[40109,1],[40209,1],[40309,1],[40409,1],[10601,1]]"
70210,70210,7,2,0,273393,"[[3,1],[7,1],[10001,1],[29905,1],[10451,1],[40109,1],[40209,1],[40309,1],[40409,1]]","[[5,870],[22,895],[1,1070],[7,12]]","[[3,1],[7,1],[10001,1],[29905,1],[10451,1],[40109,1],[40209,1],[40309,1],[40409,1],[10601,1]]","[[5,870],[22,895],[1,1070],[7,12]]","[[3,1],[7,1],[10001,1],[29905,1],[10451,1],[40109,1],[40209,1],[40309,1],[40409,1],[10601,1]]"
70200,70200,7,2,1,273131,"[[3,1],[7,1],[10001,1],[29905,1],[10451,1],[40109,1],[40209,1],[40309,1],[40409,1]]","[[5,870],[22,885],[1,1060],[7,12]]","[[3,1],[7,1],[10001,1],[29905,1],[10451,1],[40109,1],[40209,1],[40309,1],[40409,1],[10601,1]]","[[5,870],[22,885],[1,1060],[7,12]]","[[3,1],[7,1],[10001,1],[29905,1],[10451,1],[40109,1],[40209,1],[40309,1],[40409,1],[10601,1]]"
70190,70190,7,2,0,272868,"[[3,1],[7,1],[10001,1],[29905,1],[10451,1],[40109,1],[40209,1],[40309,1],[40409,1]]","[[5,870],[22,885],[1,1060],[7,12]]","[[3,1],[7,1],[10001,1],[29905,1],[10451,1],[40109,1],[40209,1],[40309,1],[40409,1],[10601,1]]","[[5,870],[22,885],[1,1060],[7,12]]","[[3,1],[7,1],[10001,1],[29905,1],[10451,1],[40109,1],[40209,1],[40309,1],[40409,1],[10601,1]]"
70180,70180,7,2,0,272606,"[[3,1],[7,1],[10001,1],[29905,1],[10451,1],[40109,1],[40209,1],[40309,1],[40409,1]]","[[5,860],[22,885],[1,1060],[7,12]]","[[3,1],[7,1],[10001,1],[29905,1],[10451,1],[40109,1],[40209,1],[40309,1],[40409,1],[10601,1]]","[[5,860],[22,885],[1,1060],[7,12]]","[[3,1],[7,1],[10001,1],[29905,1],[10451,1],[40109,1],[40209,1],[40309,1],[40409,1],[10601,1]]"
70170,70170,7,2,0,267025,"[[3,1],[7,1],[10001,1],[29905,1],[10451,1],[40109,1],[40209,1],[40309,1],[40409,1]]","[[5,860],[22,875],[1,1050],[7,12]]","[[3,1],[7,1],[10001,1],[29905,1],[10451,1],[40109,1],[40209,1],[40309,1],[40409,1],[10601,1]]","[[5,860],[22,875],[1,1050],[7,12]]","[[3,1],[7,1],[10001,1],[29905,1],[10451,1],[40109,1],[40209,1],[40309,1],[40409,1],[10601,1]]"
70160,70160,7,2,0,266763,"[[3,1],[7,1],[10001,1],[29905,1],[10451,1],[40109,1],[40209,1],[40309,1],[40409,1]]","[[5,860],[22,875],[1,1050],[7,12]]","[[3,1],[7,1],[10001,1],[29905,1],[10451,1],[40109,1],[40209,1],[40309,1],[40409,1],[10601,1]]","[[5,860],[22,875],[1,1050],[7,12]]","[[3,1],[7,1],[10001,1],[29905,1],[10451,1],[40109,1],[40209,1],[40309,1],[40409,1],[10601,1]]"
70150,70150,7,2,1,266500,"[[3,1],[7,1],[10001,1],[29905,1],[10451,1],[40109,1],[40209,1],[40309,1],[40409,1]]","[[5,850],[22,875],[1,1050],[7,12]]","[[3,1],[7,1],[10001,1],[29905,1],[10451,1],[40109,1],[40209,1],[40309,1],[40409,1],[10601,1]]","[[5,850],[22,875],[1,1050],[7,12]]","[[3,1],[7,1],[10001,1],[29905,1],[10451,1],[40109,1],[40209,1],[40309,1],[40409,1],[10601,1]]"
70140,70140,7,2,0,266238,"[[3,1],[7,1],[10001,1],[29905,1],[10451,1],[40109,1],[40209,1],[40309,1],[40409,1]]","[[5,850],[22,865],[1,1040],[7,12]]","[[3,1],[7,1],[10001,1],[29905,1],[10451,1],[40109,1],[40209,1],[40309,1],[40409,1],[10601,1]]","[[5,850],[22,865],[1,1040],[7,12]]","[[3,1],[7,1],[10001,1],[29905,1],[10451,1],[40109,1],[40209,1],[40309,1],[40409,1],[10601,1]]"
70130,70130,7,2,0,265975,"[[3,1],[7,1],[10001,1],[29905,1],[10451,1],[40109,1],[40209,1],[40309,1],[40409,1]]","[[5,850],[22,865],[1,1040],[7,12]]","[[3,1],[7,1],[10001,1],[29905,1],[10451,1],[40109,1],[40209,1],[40309,1],[40409,1],[10601,1]]","[[5,850],[22,865],[1,1040],[7,12]]","[[3,1],[7,1],[10001,1],[29905,1],[10451,1],[40109,1],[40209,1],[40309,1],[40409,1],[10601,1]]"
70120,70120,7,2,0,265713,"[[3,1],[7,1],[10001,1],[29905,1],[10451,1],[40109,1],[40209,1],[40309,1],[40409,1]]","[[5,840],[22,865],[1,1040],[7,12]]","[[3,1],[7,1],[10001,1],[29905,1],[10451,1],[40109,1],[40209,1],[40309,1],[40409,1],[10601,1]]","[[5,840],[22,865],[1,1040],[7,12]]","[[3,1],[7,1],[10001,1],[29905,1],[10451,1],[40109,1],[40209,1],[40309,1],[40409,1],[10601,1]]"
70110,70110,7,2,0,260179,"[[3,1],[7,1],[10001,1],[29905,1],[10451,1],[40109,1],[40209,1],[40309,1],[40409,1]]","[[5,840],[22,855],[1,1030],[7,12]]","[[3,1],[7,1],[10001,1],[29905,1],[10451,1],[40109,1],[40209,1],[40309,1],[40409,1],[10601,1]]","[[5,840],[22,855],[1,1030],[7,12]]","[[3,1],[7,1],[10001,1],[29905,1],[10451,1],[40109,1],[40209,1],[40309,1],[40409,1],[10601,1]]"
70100,70100,7,2,1,259917,"[[3,1],[7,1],[10001,1],[29905,1],[10451,1],[40109,1],[40209,1],[40309,1],[40409,1]]","[[5,840],[22,855],[1,1030],[7,12]]","[[3,1],[7,1],[10001,1],[29905,1],[10451,1],[40109,1],[40209,1],[40309,1],[40409,1],[10601,1]]","[[5,840],[22,855],[1,1030],[7,12]]","[[3,1],[7,1],[10001,1],[29905,1],[10451,1],[40109,1],[40209,1],[40309,1],[40409,1],[10601,1]]"
70090,70090,7,2,0,259654,"[[3,1],[7,1],[10001,1],[29905,1],[10451,1],[40109,1],[40209,1],[40309,1],[40409,1]]","[[5,830],[22,855],[1,1030],[7,12]]","[[3,1],[7,1],[10001,1],[29905,1],[10451,1],[40109,1],[40209,1],[40309,1],[40409,1]]","[[5,830],[22,855],[1,1030],[7,12]]","[[3,1],[7,1],[10001,1],[29905,1],[10451,1],[40109,1],[40209,1],[40309,1],[40409,1]]"
70080,70080,7,2,0,259392,"[[3,1],[7,1],[10001,1],[29905,1],[10451,1],[40109,1],[40209,1],[40309,1],[40409,1]]","[[5,830],[22,845],[1,1020],[7,12]]","[[3,1],[7,1],[10001,1],[29905,1],[10451,1],[40109,1],[40209,1],[40309,1],[40409,1]]","[[5,830],[22,845],[1,1020],[7,12]]","[[3,1],[7,1],[10001,1],[29905,1],[10451,1],[40109,1],[40209,1],[40309,1],[40409,1]]"
70070,70070,7,2,0,259129,"[[3,1],[7,1],[10001,1],[29905,1],[10451,1],[40109,1],[40209,1],[40309,1],[40409,1]]","[[5,830],[22,845],[1,1020],[7,12]]","[[3,1],[7,1],[10001,1],[29905,1],[10451,1],[40109,1],[40209,1],[40309,1],[40409,1]]","[[5,830],[22,845],[1,1020],[7,12]]","[[3,1],[7,1],[10001,1],[29905,1],[10451,1],[40109,1],[40209,1],[40309,1],[40409,1]]"
70060,70060,7,2,0,258867,"[[3,1],[7,1],[10001,1],[29905,1],[10451,1],[40109,1],[40209,1],[40309,1],[40409,1]]","[[5,820],[22,845],[1,1020],[7,12]]","[[3,1],[7,1],[10001,1],[29905,1],[10451,1],[40109,1],[40209,1],[40309,1],[40409,1]]","[[5,820],[22,845],[1,1020],[7,12]]","[[3,1],[7,1],[10001,1],[29905,1],[10451,1],[40109,1],[40209,1],[40309,1],[40409,1]]"
70050,70050,7,2,1,253438,"[[3,1],[7,1],[10001,1],[29905,1],[10451,1],[40109,1],[40209,1],[40309,1],[40409,1]]","[[5,820],[22,835],[1,1010],[7,12]]","[[3,1],[7,1],[10001,1],[29905,1],[10451,1],[40109,1],[40209,1],[40309,1],[40409,1]]","[[5,820],[22,835],[1,1010],[7,12]]","[[3,1],[7,1],[10001,1],[29905,1],[10451,1],[40109,1],[40209,1],[40309,1],[40409,1]]"
70040,70040,7,2,0,253176,"[[3,1],[7,1],[10001,1],[29905,1],[10451,1],[40109,1],[40209,1],[40309,1],[40409,1]]","[[5,820],[22,835],[1,1010],[7,12]]","[[3,1],[7,1],[10001,1],[29905,1],[10451,1],[40109,1],[40209,1],[40309,1],[40409,1]]","[[5,820],[22,835],[1,1010],[7,12]]","[[3,1],[7,1],[10001,1],[29905,1],[10451,1],[40109,1],[40209,1],[40309,1],[40409,1]]"
70030,70030,7,2,0,252913,"[[3,1],[7,1],[10001,1],[29905,1],[10451,1],[40109,1],[40209,1],[40309,1],[40409,1]]","[[5,810],[22,835],[1,1010],[7,12]]","[[3,1],[7,1],[10001,1],[29905,1],[10451,1],[40109,1],[40209,1],[40309,1],[40409,1]]","[[5,810],[22,835],[1,1010],[7,12]]","[[3,1],[7,1],[10001,1],[29905,1],[10451,1],[40109,1],[40209,1],[40309,1],[40409,1]]"
70020,70020,7,2,0,252651,"[[3,1],[7,1],[10001,1],[29905,1],[10451,1],[40109,1],[40209,1],[40309,1],[40409,1]]","[[5,810],[22,825],[1,1000],[7,12]]","[[3,1],[7,1],[10001,1],[29905,1],[10451,1],[40109,1],[40209,1],[40309,1],[40409,1]]","[[5,810],[22,825],[1,1000],[7,12]]","[[3,1],[7,1],[10001,1],[29905,1],[10451,1],[40109,1],[40209,1],[40309,1],[40409,1]]"
70010,70010,7,2,0,252388,"[[3,1],[7,1],[10001,1],[29905,1],[10451,1],[40109,1],[40209,1],[40309,1],[40409,1]]","[[5,810],[22,825],[1,1000],[7,12]]","[[3,1],[7,1],[10001,1],[29905,1],[10451,1],[40109,1],[40209,1],[40309,1],[40409,1]]","[[5,810],[22,825],[1,1000],[7,12]]","[[3,1],[7,1],[10001,1],[29905,1],[10451,1],[40109,1],[40209,1],[40309,1],[40409,1]]"
60400,60400,6,2,1,252126,"[[3,1],[7,1],[10001,1],[29905,1],[10451,1],[40109,1],[40209,1],[40309,1],[40409,1]]","[[5,800],[22,825],[1,1000],[7,12]]","[[3,1],[7,1],[10001,1],[29905,1],[10451,1],[40109,1],[40209,1],[40309,1],[40409,1]]","[[5,800],[22,825],[1,1000],[7,12]]","[[3,1],[7,1],[10001,1],[29905,1],[10451,1],[40109,1],[40209,1],[40309,1],[40409,1]]"
60390,60390,6,2,0,246797,"[[3,1],[7,1],[10001,1],[29905,1],[10451,1],[40109,1],[40209,1],[40309,1],[40409,1]]","[[5,800],[22,815],[1,990],[7,12]]","[[3,1],[7,1],[10001,1],[29905,1],[10451,1],[40109,1],[40209,1],[40309,1],[40409,1]]","[[5,800],[22,815],[1,990],[7,12]]","[[3,1],[7,1],[10001,1],[29905,1],[10451,1],[40109,1],[40209,1],[40309,1],[40409,1]]"
60380,60380,6,2,0,246534,"[[3,1],[7,1],[10001,1],[29905,1],[10451,1],[40109,1],[40209,1],[40309,1],[40409,1]]","[[5,800],[22,815],[1,990],[7,12]]","[[3,1],[7,1],[10001,1],[29905,1],[10451,1],[40109,1],[40209,1],[40309,1],[40409,1]]","[[5,800],[22,815],[1,990],[7,12]]","[[3,1],[7,1],[10001,1],[29905,1],[10451,1],[40109,1],[40209,1],[40309,1],[40409,1]]"
60370,60370,6,2,0,246272,"[[3,1],[7,1],[10001,1],[29905,1],[10451,1],[40108,1],[40208,1],[40308,1],[40408,1]]","[[5,790],[22,815],[1,990],[7,12]]","[[3,1],[7,1],[10001,1],[29905,1],[10451,1],[40108,1],[40208,1],[40308,1],[40408,1]]","[[5,790],[22,815],[1,990],[7,12]]","[[3,1],[7,1],[10001,1],[29905,1],[10451,1],[40108,1],[40208,1],[40308,1],[40408,1]]"
60360,60360,6,2,0,246009,"[[3,1],[7,1],[10001,1],[29905,1],[10451,1],[40108,1],[40208,1],[40308,1],[40408,1]]","[[5,790],[22,805],[1,980],[7,12]]","[[3,1],[7,1],[10001,1],[29905,1],[10451,1],[40108,1],[40208,1],[40308,1],[40408,1]]","[[5,790],[22,805],[1,980],[7,12]]","[[3,1],[7,1],[10001,1],[29905,1],[10451,1],[40108,1],[40208,1],[40308,1],[40408,1]]"
60350,60350,6,2,1,245747,"[[3,1],[7,1],[10001,1],[29905,1],[10451,1],[40108,1],[40208,1],[40308,1],[40408,1]]","[[5,790],[22,805],[1,980],[7,12]]","[[3,1],[7,1],[10001,1],[29905,1],[10451,1],[40108,1],[40208,1],[40308,1],[40408,1]]","[[5,790],[22,805],[1,980],[7,12]]","[[3,1],[7,1],[10001,1],[29905,1],[10451,1],[40108,1],[40208,1],[40308,1],[40408,1]]"
60340,60340,6,2,0,245484,"[[3,1],[7,1],[10001,1],[29905,1],[10451,1],[40108,1],[40208,1],[40308,1],[40408,1]]","[[5,780],[22,805],[1,980],[7,12]]","[[3,1],[7,1],[10001,1],[29905,1],[10451,1],[40108,1],[40208,1],[40308,1],[40408,1]]","[[5,780],[22,805],[1,980],[7,12]]","[[3,1],[7,1],[10001,1],[29905,1],[10451,1],[40108,1],[40208,1],[40308,1],[40408,1]]"
60330,60330,6,2,0,240208,"[[3,1],[7,1],[10001,1],[29905,1],[10451,1],[40108,1],[40208,1],[40308,1],[40408,1]]","[[5,780],[22,795],[1,970],[7,12]]","[[3,1],[7,1],[10001,1],[29905,1],[10451,1],[40108,1],[40208,1],[40308,1],[40408,1]]","[[5,780],[22,795],[1,970],[7,12]]","[[3,1],[7,1],[10001,1],[29905,1],[10451,1],[40108,1],[40208,1],[40308,1],[40408,1]]"
60320,60320,6,2,0,239946,"[[3,1],[7,1],[10001,1],[29905,1],[10451,1],[40108,1],[40208,1],[40308,1],[40408,1]]","[[5,780],[22,795],[1,970],[7,12]]","[[3,1],[7,1],[10001,1],[29905,1],[10451,1],[40108,1],[40208,1],[40308,1],[40408,1]]","[[5,780],[22,795],[1,970],[7,12]]","[[3,1],[7,1],[10001,1],[29905,1],[10451,1],[40108,1],[40208,1],[40308,1],[40408,1]]"
60310,60310,6,2,0,239683,"[[3,1],[7,1],[10001,1],[29905,1],[10451,1],[40108,1],[40208,1],[40308,1],[40408,1]]","[[5,770],[22,795],[1,970],[7,12]]","[[3,1],[7,1],[10001,1],[29905,1],[10451,1],[40108,1],[40208,1],[40308,1],[40408,1]]","[[5,770],[22,795],[1,970],[7,12]]","[[3,1],[7,1],[10001,1],[29905,1],[10451,1],[40108,1],[40208,1],[40308,1],[40408,1]]"
60300,60300,6,2,1,239421,"[[3,1],[7,1],[10001,1],[29905,1],[10451,1],[40108,1],[40208,1],[40308,1],[40408,1]]","[[5,770],[22,785],[1,960],[7,12]]","[[3,1],[7,1],[10001,1],[29905,1],[10451,1],[40108,1],[40208,1],[40308,1],[40408,1]]","[[5,770],[22,785],[1,960],[7,12]]","[[3,1],[7,1],[10001,1],[29905,1],[10451,1],[40108,1],[40208,1],[40308,1],[40408,1]]"
60290,60290,6,2,0,239158,"[[3,1],[7,1],[10001,1],[29905,1],[10451,1],[40108,1],[40208,1],[40308,1],[40408,1]]","[[5,770],[22,785],[1,960],[7,12]]","[[3,1],[7,1],[10001,1],[29905,1],[10451,1],[40108,1],[40208,1],[40308,1],[40408,1]]","[[5,770],[22,785],[1,960],[7,12]]","[[3,1],[7,1],[10001,1],[29905,1],[10451,1],[40108,1],[40208,1],[40308,1],[40408,1]]"
60280,60280,6,2,0,238896,"[[3,1],[7,1],[10001,1],[29905,1],[10451,1],[40108,1],[40208,1],[40308,1],[40408,1]]","[[5,760],[22,785],[1,960],[7,12]]","[[3,1],[7,1],[10001,1],[29905,1],[10451,1],[40108,1],[40208,1],[40308,1],[40408,1]]","[[5,760],[22,785],[1,960],[7,12]]","[[3,1],[7,1],[10001,1],[29905,1],[10451,1],[40108,1],[40208,1],[40308,1],[40408,1]]"
60270,60270,6,2,0,233677,"[[3,1],[7,1],[10001,1],[29905,1],[10451,1],[40108,1],[40208,1],[40308,1],[40408,1]]","[[5,760],[22,775],[1,950],[7,12]]","[[3,1],[7,1],[10001,1],[29905,1],[10451,1],[40108,1],[40208,1],[40308,1],[40408,1]]","[[5,760],[22,775],[1,950],[7,12]]","[[3,1],[7,1],[10001,1],[29905,1],[10451,1],[40108,1],[40208,1],[40308,1],[40408,1]]"
60260,60260,6,2,0,233415,"[[3,1],[7,1],[10001,1],[29905,1],[10451,1],[40108,1],[40208,1],[40308,1],[40408,1]]","[[5,760],[22,775],[1,950],[7,12]]","[[3,1],[7,1],[10001,1],[29905,1],[10451,1],[40108,1],[40208,1],[40308,1],[40408,1]]","[[5,760],[22,775],[1,950],[7,12]]","[[3,1],[7,1],[10001,1],[29905,1],[10451,1],[40108,1],[40208,1],[40308,1],[40408,1]]"
60250,60250,6,2,1,233152,"[[3,1],[7,1],[10001,1],[29905,1],[10451,1],[40108,1],[40208,1],[40308,1],[40408,1]]","[[5,750],[22,775],[1,950],[7,12]]","[[3,1],[7,1],[10001,1],[29905,1],[10451,1],[40108,1],[40208,1],[40308,1],[40408,1]]","[[5,750],[22,775],[1,950],[7,12]]","[[3,1],[7,1],[10001,1],[29905,1],[10451,1],[40108,1],[40208,1],[40308,1],[40408,1]]"
60240,60240,6,2,0,232890,"[[3,1],[7,1],[10001,1],[29905,1],[10451,1],[40108,1],[40208,1],[40308,1],[40408,1]]","[[5,750],[22,765],[1,940],[7,12]]","[[3,1],[7,1],[10001,1],[29905,1],[10451,1],[40108,1],[40208,1],[40308,1],[40408,1]]","[[5,750],[22,765],[1,940],[7,12]]","[[3,1],[7,1],[10001,1],[29905,1],[10451,1],[40108,1],[40208,1],[40308,1],[40408,1]]"
60230,60230,6,2,0,232627,"[[3,1],[7,1],[10001,1],[29905,1],[10451,1],[40108,1],[40208,1],[40308,1],[40408,1]]","[[5,750],[22,765],[1,940],[7,12]]","[[3,1],[7,1],[10001,1],[29905,1],[10451,1],[40108,1],[40208,1],[40308,1],[40408,1]]","[[5,750],[22,765],[1,940],[7,12]]","[[3,1],[7,1],[10001,1],[29905,1],[10451,1],[40108,1],[40208,1],[40308,1],[40408,1]]"
60220,60220,6,2,0,232365,"[[3,1],[7,1],[10001,1],[29905,1],[10451,1],[40108,1],[40208,1],[40308,1],[40408,1]]","[[5,740],[22,765],[1,940],[7,12]]","[[3,1],[7,1],[10001,1],[29905,1],[10451,1],[40108,1],[40208,1],[40308,1],[40408,1]]","[[5,740],[22,765],[1,940],[7,12]]","[[3,1],[7,1],[10001,1],[29905,1],[10451,1],[40108,1],[40208,1],[40308,1],[40408,1]]"
60210,60210,6,2,0,223503,"[[3,1],[7,1],[10001,1],[29905,1],[10451,1],[40108,1],[40208,1],[40308,1],[40408,1]]","[[5,740],[22,755],[1,930],[7,12]]","[[3,1],[7,1],[10001,1],[29905,1],[10451,1],[40108,1],[40208,1],[40308,1],[40408,1]]","[[5,740],[22,755],[1,930],[7,12]]","[[3,1],[7,1],[10001,1],[29905,1],[10451,1],[40108,1],[40208,1],[40308,1],[40408,1]]"
60200,60200,6,2,1,223240,"[[3,1],[7,1],[10001,1],[29905,1],[10451,1],[40108,1],[40208,1],[40308,1],[40408,1]]","[[5,740],[22,755],[1,930],[7,12]]","[[3,1],[7,1],[10001,1],[29905,1],[10451,1],[40108,1],[40208,1],[40308,1],[40408,1]]","[[5,740],[22,755],[1,930],[7,12]]","[[3,1],[7,1],[10001,1],[29905,1],[10451,1],[40108,1],[40208,1],[40308,1],[40408,1]]"
60190,60190,6,2,0,222978,"[[3,1],[7,1],[10001,1],[29905,1],[10451,1],[40108,1],[40208,1],[40308,1],[40408,1]]","[[5,730],[22,755],[1,930],[7,12]]","[[3,1],[7,1],[10001,1],[29905,1],[10451,1],[40108,1],[40208,1],[40308,1],[40408,1]]","[[5,730],[22,755],[1,930],[7,12]]","[[3,1],[7,1],[10001,1],[29905,1],[10451,1],[40108,1],[40208,1],[40308,1],[40408,1]]"
60180,60180,6,2,0,222715,"[[3,1],[7,1],[10001,1],[29905,1],[10451,1],[40108,1],[40208,1],[40308,1],[40408,1]]","[[5,730],[22,745],[1,920],[7,12]]","[[3,1],[7,1],[10001,1],[29905,1],[10451,1],[40108,1],[40208,1],[40308,1],[40408,1]]","[[5,730],[22,745],[1,920],[7,12]]","[[3,1],[7,1],[10001,1],[29905,1],[10451,1],[40108,1],[40208,1],[40308,1],[40408,1]]"
60170,60170,6,2,0,222453,"[[3,1],[7,1],[10001,1],[29905,1],[10451,1],[40108,1],[40208,1],[40308,1],[40408,1]]","[[5,730],[22,745],[1,920],[7,12]]","[[3,1],[7,1],[10001,1],[29905,1],[10451,1],[40108,1],[40208,1],[40308,1],[40408,1]]","[[5,730],[22,745],[1,920],[7,12]]","[[3,1],[7,1],[10001,1],[29905,1],[10451,1],[40108,1],[40208,1],[40308,1],[40408,1]]"
60160,60160,6,2,0,222190,"[[3,1],[7,1],[10001,1],[29905,1],[10451,1],[40108,1],[40208,1],[40308,1],[40408,1]]","[[5,720],[22,745],[1,920],[7,12]]","[[3,1],[7,1],[10001,1],[29905,1],[10451,1],[40108,1],[40208,1],[40308,1],[40408,1]]","[[5,720],[22,745],[1,920],[7,12]]","[[3,1],[7,1],[10001,1],[29905,1],[10451,1],[40108,1],[40208,1],[40308,1],[40408,1]]"
60150,60150,6,2,1,217512,"[[3,1],[7,1],[10001,1],[29905,1],[10451,1],[40108,1],[40208,1],[40308,1],[40408,1]]","[[5,720],[22,735],[1,910],[7,12]]","[[3,1],[7,1],[10001,1],[29905,1],[10451,1],[40108,1],[40208,1],[40308,1],[40408,1]]","[[5,720],[22,735],[1,910],[7,12]]","[[3,1],[7,1],[10001,1],[29905,1],[10451,1],[40108,1],[40208,1],[40308,1],[40408,1]]"
60140,60140,6,2,0,217250,"[[3,1],[7,1],[10001,1],[29905,1],[10451,1],[40108,1],[40208,1],[40308,1],[40408,1]]","[[5,720],[22,735],[1,910],[7,12]]","[[3,1],[7,1],[10001,1],[29905,1],[10451,1],[40108,1],[40208,1],[40308,1],[40408,1]]","[[5,720],[22,735],[1,910],[7,12]]","[[3,1],[7,1],[10001,1],[29905,1],[10451,1],[40108,1],[40208,1],[40308,1],[40408,1]]"
60130,60130,6,2,0,216987,"[[3,1],[7,1],[10001,1],[29905,1],[10451,1],[40108,1],[40208,1],[40308,1],[40408,1]]","[[5,710],[22,735],[1,910],[7,12]]","[[3,1],[7,1],[10001,1],[29905,1],[10451,1],[40108,1],[40208,1],[40308,1],[40408,1]]","[[5,710],[22,735],[1,910],[7,12]]","[[3,1],[7,1],[10001,1],[29905,1],[10451,1],[40108,1],[40208,1],[40308,1],[40408,1]]"
60120,60120,6,2,0,216725,"[[3,1],[7,1],[10001,1],[29905,1],[10451,1],[40108,1],[40208,1],[40308,1],[40408,1]]","[[5,710],[22,725],[1,900],[7,12]]","[[3,1],[7,1],[10001,1],[29905,1],[10451,1],[40108,1],[40208,1],[40308,1],[40408,1]]","[[5,710],[22,725],[1,900],[7,12]]","[[3,1],[7,1],[10001,1],[29905,1],[10451,1],[40108,1],[40208,1],[40308,1],[40408,1]]"
60110,60110,6,2,0,216462,"[[3,1],[7,1],[10001,1],[29905,1],[10451,1],[40108,1],[40208,1],[40308,1],[40408,1]]","[[5,710],[22,725],[1,900],[7,12]]","[[3,1],[7,1],[10001,1],[29905,1],[10451,1],[40108,1],[40208,1],[40308,1],[40408,1]]","[[5,710],[22,725],[1,900],[7,12]]","[[3,1],[7,1],[10001,1],[29905,1],[10451,1],[40108,1],[40208,1],[40308,1],[40408,1]]"
60100,60100,6,2,1,216200,"[[3,1],[7,1],[10001,1],[29905,1],[10451,1],[40108,1],[40208,1],[40308,1],[40408,1]]","[[5,700],[22,725],[1,900],[7,12]]","[[3,1],[7,1],[10001,1],[29905,1],[10451,1],[40108,1],[40208,1],[40308,1],[40408,1]]","[[5,700],[22,725],[1,900],[7,12]]","[[3,1],[7,1],[10001,1],[29905,1],[10451,1],[40108,1],[40208,1],[40308,1],[40408,1]]"
60090,60090,6,2,0,211596,"[[3,1],[7,1],[10001,1],[29905,1],[10451,1],[40108,1],[40208,1],[40308,1],[40408,1]]","[[5,700],[22,715],[1,890],[7,12]]","[[3,1],[7,1],[10001,1],[29905,1],[10451,1],[40108,1],[40208,1],[40308,1],[40408,1]]","[[5,700],[22,715],[1,890],[7,12]]","[[3,1],[7,1],[10001,1],[29905,1],[10451,1],[40108,1],[40208,1],[40308,1],[40408,1]]"
60080,60080,6,2,0,211333,"[[3,1],[7,1],[10001,1],[29905,1],[10451,1],[40108,1],[40208,1],[40308,1],[40408,1]]","[[5,700],[22,715],[1,890],[7,12]]","[[3,1],[7,1],[10001,1],[29905,1],[10451,1],[40108,1],[40208,1],[40308,1],[40408,1]]","[[5,700],[22,715],[1,890],[7,12]]","[[3,1],[7,1],[10001,1],[29905,1],[10451,1],[40108,1],[40208,1],[40308,1],[40408,1]]"
60070,60070,6,2,0,211071,"[[3,1],[7,1],[10001,1],[29905,1],[10451,1],[40107,1],[40207,1],[40307,1],[40407,1]]","[[5,690],[22,715],[1,890],[7,12]]","[[3,1],[7,1],[10001,1],[29905,1],[10451,1],[40107,1],[40207,1],[40307,1],[40407,1]]","[[5,690],[22,715],[1,890],[7,12]]","[[3,1],[7,1],[10001,1],[29905,1],[10451,1],[40107,1],[40207,1],[40307,1],[40407,1]]"
60060,60060,6,2,0,210808,"[[3,1],[7,1],[10001,1],[29905,1],[10451,1],[40107,1],[40207,1],[40307,1],[40407,1]]","[[5,690],[22,705],[1,880],[7,12]]","[[3,1],[7,1],[10001,1],[29905,1],[10451,1],[40107,1],[40207,1],[40307,1],[40407,1]]","[[5,690],[22,705],[1,880],[7,12]]","[[3,1],[7,1],[10001,1],[29905,1],[10451,1],[40107,1],[40207,1],[40307,1],[40407,1]]"
60050,60050,6,2,1,210546,"[[3,1],[7,1],[10001,1],[29905,1],[10451,1],[40107,1],[40207,1],[40307,1],[40407,1]]","[[5,690],[22,705],[1,880],[7,12]]","[[3,1],[7,1],[10001,1],[29905,1],[10451,1],[40107,1],[40207,1],[40307,1],[40407,1]]","[[5,690],[22,705],[1,880],[7,12]]","[[3,1],[7,1],[10001,1],[29905,1],[10451,1],[40107,1],[40207,1],[40307,1],[40407,1]]"
60040,60040,6,2,0,210283,"[[3,1],[7,1],[10001,1],[29905,1],[10451,1],[40107,1],[40207,1],[40307,1],[40407,1]]","[[5,680],[22,705],[1,880],[7,12]]","[[3,1],[7,1],[10001,1],[29905,1],[10451,1],[40107,1],[40207,1],[40307,1],[40407,1]]","[[5,680],[22,705],[1,880],[7,12]]","[[3,1],[7,1],[10001,1],[29905,1],[10451,1],[40107,1],[40207,1],[40307,1],[40407,1]]"
60030,60030,6,2,0,205479,"[[3,1],[7,1],[10001,1],[29905,1],[10451,1],[40107,1],[40207,1],[40307,1],[40407,1]]","[[5,680],[22,695],[1,870],[7,12]]","[[3,1],[7,1],[10001,1],[29905,1],[10451,1],[40107,1],[40207,1],[40307,1],[40407,1]]","[[5,680],[22,695],[1,870],[7,12]]","[[3,1],[7,1],[10001,1],[29905,1],[10451,1],[40107,1],[40207,1],[40307,1],[40407,1]]"
60020,60020,6,2,0,205217,"[[3,1],[7,1],[10001,1],[29905,1],[10451,1],[40107,1],[40207,1],[40307,1],[40407,1]]","[[5,680],[22,695],[1,870],[7,12]]","[[3,1],[7,1],[10001,1],[29905,1],[10451,1],[40107,1],[40207,1],[40307,1],[40407,1]]","[[5,680],[22,695],[1,870],[7,12]]","[[3,1],[7,1],[10001,1],[29905,1],[10451,1],[40107,1],[40207,1],[40307,1],[40407,1]]"
60010,60010,6,2,0,204954,"[[3,1],[7,1],[10001,1],[29905,1],[10451,1],[40107,1],[40207,1],[40307,1],[40407,1]]","[[5,670],[22,695],[1,870],[7,12]]","[[3,1],[7,1],[10001,1],[29905,1],[10451,1],[40107,1],[40207,1],[40307,1],[40407,1]]","[[5,670],[22,695],[1,870],[7,12]]","[[3,1],[7,1],[10001,1],[29905,1],[10451,1],[40107,1],[40207,1],[40307,1],[40407,1]]"
50400,50400,5,2,1,204692,"[[3,1],[7,1],[10001,1],[29905,1],[10451,1],[40107,1],[40207,1],[40307,1],[40407,1]]","[[5,670],[22,685],[1,860],[7,11]]","[[3,1],[7,1],[10001,1],[29905,1],[10451,1],[40107,1],[40207,1],[40307,1],[40407,1]]","[[5,670],[22,685],[1,860],[7,11]]","[[3,1],[7,1],[10001,1],[29905,1],[10451,1],[40107,1],[40207,1],[40307,1],[40407,1]]"
50390,50390,5,2,0,204429,"[[3,1],[7,1],[10001,1],[29905,1],[10451,1],[40107,1],[40207,1],[40307,1],[40407,1]]","[[5,670],[22,685],[1,860],[7,11]]","[[3,1],[7,1],[10001,1],[29905,1],[10451,1],[40107,1],[40207,1],[40307,1],[40407,1]]","[[5,670],[22,685],[1,860],[7,11]]","[[3,1],[7,1],[10001,1],[29905,1],[10451,1],[40107,1],[40207,1],[40307,1],[40407,1]]"
50380,50380,5,2,0,199689,"[[3,1],[7,1],[10001,1],[29905,1],[10451,1],[40107,1],[40207,1],[40307,1],[40407,1]]","[[5,660],[22,685],[1,860],[7,11]]","[[3,1],[7,1],[10001,1],[29905,1],[10451,1],[40107,1],[40207,1],[40307,1],[40407,1]]","[[5,660],[22,685],[1,860],[7,11]]","[[3,1],[7,1],[10001,1],[29905,1],[10451,1],[40107,1],[40207,1],[40307,1],[40407,1]]"
50370,50370,5,2,0,199426,"[[3,1],[7,1],[10001,1],[29905,1],[10451,1],[40107,1],[40207,1],[40307,1],[40407,1]]","[[5,660],[22,675],[1,850],[7,11]]","[[3,1],[7,1],[10001,1],[29905,1],[10451,1],[40107,1],[40207,1],[40307,1],[40407,1]]","[[5,660],[22,675],[1,850],[7,11]]","[[3,1],[7,1],[10001,1],[29905,1],[10451,1],[40107,1],[40207,1],[40307,1],[40407,1]]"
50360,50360,5,2,0,199164,"[[3,1],[7,1],[10001,1],[29905,1],[10451,1],[40107,1],[40207,1],[40307,1],[40407,1]]","[[5,660],[22,675],[1,850],[7,11]]","[[3,1],[7,1],[10001,1],[29905,1],[10451,1],[40107,1],[40207,1],[40307,1],[40407,1]]","[[5,660],[22,675],[1,850],[7,11]]","[[3,1],[7,1],[10001,1],[29905,1],[10451,1],[40107,1],[40207,1],[40307,1],[40407,1]]"
50350,50350,5,2,1,198901,"[[3,1],[7,1],[10001,1],[29905,1],[10451,1],[40107,1],[40207,1],[40307,1],[40407,1]]","[[5,650],[22,675],[1,850],[7,11]]","[[3,1],[7,1],[10001,1],[29905,1],[10451,1],[40107,1],[40207,1],[40307,1],[40407,1]]","[[5,650],[22,675],[1,850],[7,11]]","[[3,1],[7,1],[10001,1],[29905,1],[10451,1],[40107,1],[40207,1],[40307,1],[40407,1]]"
50340,50340,5,2,0,198639,"[[3,1],[7,1],[10001,1],[29905,1],[10451,1],[40107,1],[40207,1],[40307,1],[40407,1]]","[[5,650],[22,665],[1,840],[7,11]]","[[3,1],[7,1],[10001,1],[29905,1],[10451,1],[40107,1],[40207,1],[40307,1],[40407,1]]","[[5,650],[22,665],[1,840],[7,11]]","[[3,1],[7,1],[10001,1],[29905,1],[10451,1],[40107,1],[40207,1],[40307,1],[40407,1]]"
50330,50330,5,2,0,186826,"[[3,1],[7,1],[10001,1],[29905,1],[10451,1],[40107,1],[40207,1],[40307,1],[40407,1]]","[[5,650],[22,665],[1,840],[7,11]]","[[3,1],[7,1],[10001,1],[29905,1],[10451,1],[40107,1],[40207,1],[40307,1],[40407,1]]","[[5,650],[22,665],[1,840],[7,11]]","[[3,1],[7,1],[10001,1],[29905,1],[10451,1],[40107,1],[40207,1],[40307,1],[40407,1]]"
50320,50320,5,2,0,186564,"[[3,1],[7,1],[10001,1],[29905,1],[10451,1],[40107,1],[40207,1],[40307,1],[40407,1]]","[[5,640],[22,665],[1,840],[7,11]]","[[3,1],[7,1],[10001,1],[29905,1],[10451,1],[40107,1],[40207,1],[40307,1],[40407,1]]","[[5,640],[22,665],[1,840],[7,11]]","[[3,1],[7,1],[10001,1],[29905,1],[10451,1],[40107,1],[40207,1],[40307,1],[40407,1]]"
50310,50310,5,2,0,186301,"[[3,1],[7,1],[10001,1],[29905,1],[10451,1],[40107,1],[40207,1],[40307,1],[40407,1]]","[[5,640],[22,655],[1,830],[7,11]]","[[3,1],[7,1],[10001,1],[29905,1],[10451,1],[40107,1],[40207,1],[40307,1],[40407,1]]","[[5,640],[22,655],[1,830],[7,11]]","[[3,1],[7,1],[10001,1],[29905,1],[10451,1],[40107,1],[40207,1],[40307,1],[40407,1]]"
50300,50300,5,2,1,186039,"[[3,1],[7,1],[10001,1],[29905,1],[10451,1],[40107,1],[40207,1],[40307,1],[40407,1]]","[[5,640],[22,655],[1,830],[7,11]]","[[3,1],[7,1],[10001,1],[29905,1],[10451,1],[40107,1],[40207,1],[40307,1],[40407,1]]","[[5,640],[22,655],[1,830],[7,11]]","[[3,1],[7,1],[10001,1],[29905,1],[10451,1],[40107,1],[40207,1],[40307,1],[40407,1]]"
50290,50290,5,2,0,185776,"[[3,1],[7,1],[10001,1],[29905,1],[10451,1],[40107,1],[40207,1],[40307,1],[40407,1]]","[[5,630],[22,655],[1,830],[7,11]]","[[3,1],[7,1],[10001,1],[29905,1],[10451,1],[40107,1],[40207,1],[40307,1],[40407,1]]","[[5,630],[22,655],[1,830],[7,11]]","[[3,1],[7,1],[10001,1],[29905,1],[10451,1],[40107,1],[40207,1],[40307,1],[40407,1]]"
50280,50280,5,2,0,181602,"[[3,1],[7,1],[10001,1],[29905,1],[10451,1],[40107,1],[40207,1],[40307,1],[40407,1]]","[[5,630],[22,645],[1,820],[7,11]]","[[3,1],[7,1],[10001,1],[29905,1],[10451,1],[40107,1],[40207,1],[40307,1],[40407,1]]","[[5,630],[22,645],[1,820],[7,11]]","[[3,1],[7,1],[10001,1],[29905,1],[10451,1],[40107,1],[40207,1],[40307,1],[40407,1]]"
50270,50270,5,2,0,181340,"[[3,1],[7,1],[10001,1],[29905,1],[10451,1],[40107,1],[40207,1],[40307,1],[40407,1]]","[[5,630],[22,645],[1,820],[7,11]]","[[3,1],[7,1],[10001,1],[29905,1],[10451,1],[40107,1],[40207,1],[40307,1],[40407,1]]","[[5,630],[22,645],[1,820],[7,11]]","[[3,1],[7,1],[10001,1],[29905,1],[10451,1],[40107,1],[40207,1],[40307,1],[40407,1]]"
50260,50260,5,2,0,181077,"[[3,1],[7,1],[10001,1],[29905,1],[10451,1],[40107,1],[40207,1],[40307,1],[40407,1]]","[[5,620],[22,645],[1,820],[7,11]]","[[3,1],[7,1],[10001,1],[29905,1],[10451,1],[40107,1],[40207,1],[40307,1],[40407,1]]","[[5,620],[22,645],[1,820],[7,11]]","[[3,1],[7,1],[10001,1],[29905,1],[10451,1],[40107,1],[40207,1],[40307,1],[40407,1]]"
50250,50250,5,2,1,180815,"[[3,1],[7,1],[10001,1],[29905,1],[10451,1],[40107,1],[40207,1],[40307,1],[40407,1]]","[[5,620],[22,635],[1,810],[7,11]]","[[3,1],[7,1],[10001,1],[29905,1],[10451,1],[40107,1],[40207,1],[40307,1],[40407,1]]","[[5,620],[22,635],[1,810],[7,11]]","[[3,1],[7,1],[10001,1],[29905,1],[10451,1],[40107,1],[40207,1],[40307,1],[40407,1]]"
50240,50240,5,2,0,180552,"[[3,1],[7,1],[10001,1],[29905,1],[10451,1],[40107,1],[40207,1],[40307,1],[40407,1]]","[[5,620],[22,635],[1,810],[7,11]]","[[3,1],[7,1],[10001,1],[29905,1],[10451,1],[40107,1],[40207,1],[40307,1],[40407,1]]","[[5,620],[22,635],[1,810],[7,11]]","[[3,1],[7,1],[10001,1],[29905,1],[10451,1],[40107,1],[40207,1],[40307,1],[40407,1]]"
50230,50230,5,2,0,176468,"[[3,1],[7,1],[10001,1],[29905,1],[10451,1],[40107,1],[40207,1],[40307,1],[40407,1]]","[[5,610],[22,635],[1,810],[7,11]]","[[3,1],[7,1],[10001,1],[29905,1],[10451,1],[40107,1],[40207,1],[40307,1],[40407,1]]","[[5,610],[22,635],[1,810],[7,11]]","[[3,1],[7,1],[10001,1],[29905,1],[10451,1],[40107,1],[40207,1],[40307,1],[40407,1]]"
50220,50220,5,2,0,176205,"[[3,1],[7,1],[10001,1],[29905,1],[10451,1],[40107,1],[40207,1],[40307,1],[40407,1]]","[[5,610],[22,625],[1,800],[7,11]]","[[3,1],[7,1],[10001,1],[29905,1],[10451,1],[40107,1],[40207,1],[40307,1],[40407,1]]","[[5,610],[22,625],[1,800],[7,11]]","[[3,1],[7,1],[10001,1],[29905,1],[10451,1],[40107,1],[40207,1],[40307,1],[40407,1]]"
50210,50210,5,2,0,175943,"[[3,1],[7,1],[10001,1],[29905,1],[10451,1],[40107,1],[40207,1],[40307,1],[40407,1]]","[[5,610],[22,625],[1,800],[7,11]]","[[3,1],[7,1],[10001,1],[29905,1],[10451,1],[40107,1],[40207,1],[40307,1],[40407,1]]","[[5,610],[22,625],[1,800],[7,11]]","[[3,1],[7,1],[10001,1],[29905,1],[10451,1],[40107,1],[40207,1],[40307,1],[40407,1]]"
50200,50200,5,2,1,175680,"[[3,1],[7,1],[10001,1],[29905,1],[10451,1],[40107,1],[40207,1],[40307,1],[40407,1]]","[[5,600],[22,625],[1,800],[7,11]]","[[3,1],[7,1],[10001,1],[29905,1],[10451,1],[40107,1],[40207,1],[40307,1],[40407,1]]","[[5,600],[22,625],[1,800],[7,11]]","[[3,1],[7,1],[10001,1],[29905,1],[10451,1],[40107,1],[40207,1],[40307,1],[40407,1]]"
50190,50190,5,2,0,175418,"[[3,1],[7,1],[10001,1],[29905,1],[10451,1],[40107,1],[40207,1],[40307,1],[40407,1]]","[[5,600],[22,615],[1,790],[7,11]]","[[3,1],[7,1],[10001,1],[29905,1],[10451,1],[40107,1],[40207,1],[40307,1],[40407,1]]","[[5,600],[22,615],[1,790],[7,11]]","[[3,1],[7,1],[10001,1],[29905,1],[10451,1],[40107,1],[40207,1],[40307,1],[40407,1]]"
50180,50180,5,2,0,171354,"[[3,1],[7,1],[10001,1],[29905,1],[10451,1],[40107,1],[40207,1],[40307,1],[40407,1]]","[[5,600],[22,615],[1,790],[7,11]]","[[3,1],[7,1],[10001,1],[29905,1],[10451,1],[40107,1],[40207,1],[40307,1],[40407,1]]","[[5,600],[22,615],[1,790],[7,11]]","[[3,1],[7,1],[10001,1],[29905,1],[10451,1],[40107,1],[40207,1],[40307,1],[40407,1]]"
50170,50170,5,2,0,171092,"[[3,1],[7,1],[10001,1],[29905,1],[10451,1],[40106,1],[40206,1],[40306,1],[40406,1]]","[[5,590],[22,615],[1,790],[7,11]]","[[3,1],[7,1],[10001,1],[29905,1],[10451,1],[40106,1],[40206,1],[40306,1],[40406,1]]","[[5,590],[22,615],[1,790],[7,11]]","[[3,1],[7,1],[10001,1],[29905,1],[10451,1],[40106,1],[40206,1],[40306,1],[40406,1]]"
50160,50160,5,2,0,170829,"[[3,1],[7,1],[10001,1],[29905,1],[10451,1],[40106,1],[40206,1],[40306,1],[40406,1]]","[[5,590],[22,605],[1,780],[7,11]]","[[3,1],[7,1],[10001,1],[29905,1],[10451,1],[40106,1],[40206,1],[40306,1],[40406,1]]","[[5,590],[22,605],[1,780],[7,11]]","[[3,1],[7,1],[10001,1],[29905,1],[10451,1],[40106,1],[40206,1],[40306,1],[40406,1]]"
50150,50150,5,2,1,170567,"[[3,1],[7,1],[10001,1],[29905,1],[10451,1],[40106,1],[40206,1],[40306,1],[40406,1]]","[[5,590],[22,605],[1,780],[7,11]]","[[3,1],[7,1],[10001,1],[29905,1],[10451,1],[40106,1],[40206,1],[40306,1],[40406,1]]","[[5,590],[22,605],[1,780],[7,11]]","[[3,1],[7,1],[10001,1],[29905,1],[10451,1],[40106,1],[40206,1],[40306,1],[40406,1]]"
50140,50140,5,2,0,170304,"[[3,1],[7,1],[10001,1],[29905,1],[10451,1],[40106,1],[40206,1],[40306,1],[40406,1]]","[[5,580],[22,605],[1,780],[7,11]]","[[3,1],[7,1],[10001,1],[29905,1],[10451,1],[40106,1],[40206,1],[40306,1],[40406,1]]","[[5,580],[22,605],[1,780],[7,11]]","[[3,1],[7,1],[10001,1],[29905,1],[10451,1],[40106,1],[40206,1],[40306,1],[40406,1]]"
50130,50130,5,2,0,166325,"[[3,1],[7,1],[10001,1],[29905,1],[10451,1],[40106,1],[40206,1],[40306,1],[40406,1]]","[[5,580],[22,595],[1,770],[7,11]]","[[3,1],[7,1],[10001,1],[29905,1],[10451,1],[40106,1],[40206,1],[40306,1],[40406,1]]","[[5,580],[22,595],[1,770],[7,11]]","[[3,1],[7,1],[10001,1],[29905,1],[10451,1],[40106,1],[40206,1],[40306,1],[40406,1]]"
50120,50120,5,2,0,166062,"[[3,1],[7,1],[10001,1],[29905,1],[10451,1],[40106,1],[40206,1],[40306,1],[40406,1]]","[[5,580],[22,595],[1,770],[7,11]]","[[3,1],[7,1],[10001,1],[29905,1],[10451,1],[40106,1],[40206,1],[40306,1],[40406,1]]","[[5,580],[22,595],[1,770],[7,11]]","[[3,1],[7,1],[10001,1],[29905,1],[10451,1],[40106,1],[40206,1],[40306,1],[40406,1]]"
50110,50110,5,2,0,165800,"[[3,1],[7,1],[10001,1],[29905,1],[10451,1],[40106,1],[40206,1],[40306,1],[40406,1]]","[[5,570],[22,595],[1,770],[7,11]]","[[3,1],[7,1],[10001,1],[29905,1],[10451,1],[40106,1],[40206,1],[40306,1],[40406,1]]","[[5,570],[22,595],[1,770],[7,11]]","[[3,1],[7,1],[10001,1],[29905,1],[10451,1],[40106,1],[40206,1],[40306,1],[40406,1]]"
50100,50100,5,2,1,165537,"[[3,1],[7,1],[10001,1],[29905,1],[10451,1],[40106,1],[40206,1],[40306,1],[40406,1]]","[[5,570],[22,585],[1,760],[7,11]]","[[3,1],[7,1],[10001,1],[29905,1],[10451,1],[40106,1],[40206,1],[40306,1],[40406,1]]","[[5,570],[22,585],[1,760],[7,11]]","[[3,1],[7,1],[10001,1],[29905,1],[10451,1],[40106,1],[40206,1],[40306,1],[40406,1]]"
50090,50090,5,2,0,165275,"[[3,1],[7,1],[10001,1],[29905,1],[10451,1],[40106,1],[40206,1],[40306,1],[40406,1]]","[[5,570],[22,585],[1,760],[7,11]]","[[3,1],[7,1],[10001,1],[29905,1],[10451,1],[40106,1],[40206,1],[40306,1],[40406,1]]","[[5,570],[22,585],[1,760],[7,11]]","[[3,1],[7,1],[10001,1],[29905,1],[10451,1],[40106,1],[40206,1],[40306,1],[40406,1]]"
50080,50080,5,2,0,158418,"[[3,1],[7,1],[10001,1],[29905,1],[10451,1],[40106,1],[40206,1],[40306,1],[40406,1]]","[[5,560],[22,585],[1,760],[7,11]]","[[3,1],[7,1],[10001,1],[29905,1],[10451,1],[40106,1],[40206,1],[40306,1],[40406,1]]","[[5,560],[22,585],[1,760],[7,11]]","[[3,1],[7,1],[10001,1],[29905,1],[10451,1],[40106,1],[40206,1],[40306,1],[40406,1]]"
50070,50070,5,2,0,158156,"[[3,1],[7,1],[10001,1],[29905,1],[10451,1],[40106,1],[40206,1],[40306,1],[40406,1]]","[[5,560],[22,575],[1,750],[7,11]]","[[3,1],[7,1],[10001,1],[29905,1],[10451,1],[40106,1],[40206,1],[40306,1],[40406,1]]","[[5,560],[22,575],[1,750],[7,11]]","[[3,1],[7,1],[10001,1],[29905,1],[10451,1],[40106,1],[40206,1],[40306,1],[40406,1]]"
50060,50060,5,2,0,157893,"[[3,1],[7,1],[10001,1],[29905,1],[10451,1],[40106,1],[40206,1],[40306,1],[40406,1]]","[[5,560],[22,575],[1,750],[7,11]]","[[3,1],[7,1],[10001,1],[29905,1],[10451,1],[40106,1],[40206,1],[40306,1],[40406,1]]","[[5,560],[22,575],[1,750],[7,11]]","[[3,1],[7,1],[10001,1],[29905,1],[10451,1],[40106,1],[40206,1],[40306,1],[40406,1]]"
50050,50050,5,2,1,157631,"[[3,1],[7,1],[10001,1],[29905,1],[10451,1],[40106,1],[40206,1],[40306,1],[40406,1]]","[[5,550],[22,575],[1,750],[7,11]]","[[3,1],[7,1],[10001,1],[29905,1],[10451,1],[40106,1],[40206,1],[40306,1],[40406,1]]","[[5,550],[22,575],[1,750],[7,11]]","[[3,1],[7,1],[10001,1],[29905,1],[10451,1],[40106,1],[40206,1],[40306,1],[40406,1]]"
50040,50040,5,2,0,157368,"[[3,1],[7,1],[10001,1],[29905,1],[10451,1],[40106,1],[40206,1],[40306,1],[40406,1]]","[[5,550],[22,565],[1,740],[7,11]]","[[3,1],[7,1],[10001,1],[29905,1],[10451,1],[40106,1],[40206,1],[40306,1],[40406,1]]","[[5,550],[22,565],[1,740],[7,11]]","[[3,1],[7,1],[10001,1],[29905,1],[10451,1],[40106,1],[40206,1],[40306,1],[40406,1]]"
50030,50030,5,2,0,153804,"[[3,1],[7,1],[10001,1],[29905,1],[10451,1],[40106,1],[40206,1],[40306,1],[40406,1]]","[[5,550],[22,565],[1,740],[7,11]]","[[3,1],[7,1],[10001,1],[29905,1],[10451,1],[40106,1],[40206,1],[40306,1],[40406,1]]","[[5,550],[22,565],[1,740],[7,11]]","[[3,1],[7,1],[10001,1],[29905,1],[10451,1],[40106,1],[40206,1],[40306,1],[40406,1]]"
50020,50020,5,2,0,153541,"[[3,1],[7,1],[10001,1],[29905,1],[10451,1],[40106,1],[40206,1],[40306,1],[40406,1]]","[[5,540],[22,565],[1,740],[7,11]]","[[3,1],[7,1],[10001,1],[29905,1],[10451,1],[40106,1],[40206,1],[40306,1],[40406,1]]","[[5,540],[22,565],[1,740],[7,11]]","[[3,1],[7,1],[10001,1],[29905,1],[10451,1],[40106,1],[40206,1],[40306,1],[40406,1]]"
50010,50010,5,2,0,153279,"[[3,1],[7,1],[10001,1],[29905,1],[10451,1],[40106,1],[40206,1],[40306,1],[40406,1]]","[[5,540],[22,555],[1,730],[7,11]]","[[3,1],[7,1],[10001,1],[29905,1],[10451,1],[40106,1],[40206,1],[40306,1],[40406,1]]","[[5,540],[22,555],[1,730],[7,11]]","[[3,1],[7,1],[10001,1],[29905,1],[10451,1],[40106,1],[40206,1],[40306,1],[40406,1]]"
40400,40400,4,1,1,153016,"[[3,1],[7,1],[10001,1],[29905,1],[10451,1],[40106,1],[40206,1],[40306,1],[40406,1]]","[[5,540],[22,555],[1,730],[7,11]]","[[3,1],[7,1],[10001,1],[29905,1],[10451,1],[40106,1],[40206,1],[40306,1],[40406,1]]","[[5,540],[22,555],[1,730],[7,11]]","[[3,1],[7,1],[10001,1],[29905,1],[10451,1],[40106,1],[40206,1],[40306,1],[40406,1]]"
40390,40390,4,1,0,152754,"[[3,1],[7,1],[10001,1],[29905,1],[10451,1],[40106,1],[40206,1],[40306,1],[40406,1]]","[[5,530],[22,555],[1,730],[7,11]]","[[3,1],[7,1],[10001,1],[29905,1],[10451,1],[40106,1],[40206,1],[40306,1],[40406,1]]","[[5,530],[22,555],[1,730],[7,11]]","[[3,1],[7,1],[10001,1],[29905,1],[10451,1],[40106,1],[40206,1],[40306,1],[40406,1]]"
40380,40380,4,1,0,149231,"[[3,1],[7,1],[10001,1],[29905,1],[10451,1],[40106,1],[40206,1],[40306,1],[40406,1]]","[[5,530],[22,545],[1,720],[7,11]]","[[3,1],[7,1],[10001,1],[29905,1],[10451,1],[40106,1],[40206,1],[40306,1],[40406,1]]","[[5,530],[22,545],[1,720],[7,11]]","[[3,1],[7,1],[10001,1],[29905,1],[10451,1],[40106,1],[40206,1],[40306,1],[40406,1]]"
40370,40370,4,1,0,148968,"[[3,1],[7,1],[10001,1],[29905,1],[10451,1],[40106,1],[40206,1],[40306,1],[40406,1]]","[[5,530],[22,545],[1,720],[7,11]]","[[3,1],[7,1],[10001,1],[29905,1],[10451,1],[40106,1],[40206,1],[40306,1],[40406,1]]","[[5,530],[22,545],[1,720],[7,11]]","[[3,1],[7,1],[10001,1],[29905,1],[10451,1],[40106,1],[40206,1],[40306,1],[40406,1]]"
40360,40360,4,1,0,148706,"[[3,1],[7,1],[10001,1],[29905,1],[10451,1],[40106,1],[40206,1],[40306,1],[40406,1]]","[[5,520],[22,545],[1,720],[7,11]]","[[3,1],[7,1],[10001,1],[29905,1],[10451,1],[40106,1],[40206,1],[40306,1],[40406,1]]","[[5,520],[22,545],[1,720],[7,11]]","[[3,1],[7,1],[10001,1],[29905,1],[10451,1],[40106,1],[40206,1],[40306,1],[40406,1]]"
40350,40350,4,1,1,148443,"[[3,1],[7,1],[10001,1],[29905,1],[10451,1],[40106,1],[40206,1],[40306,1],[40406,1]]","[[5,520],[22,535],[1,710],[7,11]]","[[3,1],[7,1],[10001,1],[29905,1],[10451,1],[40106,1],[40206,1],[40306,1],[40406,1]]","[[5,520],[22,535],[1,710],[7,11]]","[[3,1],[7,1],[10001,1],[29905,1],[10451,1],[40106,1],[40206,1],[40306,1],[40406,1]]"
40340,40340,4,1,0,148181,"[[3,1],[7,1],[10001,1],[29905,1],[10451,1],[40106,1],[40206,1],[40306,1],[40406,1]]","[[5,520],[22,535],[1,710],[7,11]]","[[3,1],[7,1],[10001,1],[29905,1],[10451,1],[40106,1],[40206,1],[40306,1],[40406,1]]","[[5,520],[22,535],[1,710],[7,11]]","[[3,1],[7,1],[10001,1],[29905,1],[10451,1],[40106,1],[40206,1],[40306,1],[40406,1]]"
40330,40330,4,1,0,144726,"[[3,1],[7,1],[10001,1],[29905,1],[10451,1],[40106,1],[40206,1],[40306,1],[40406,1]]","[[5,510],[22,535],[1,710],[7,11]]","[[3,1],[7,1],[10001,1],[29905,1],[10451,1],[40106,1],[40206,1],[40306,1],[40406,1]]","[[5,510],[22,535],[1,710],[7,11]]","[[3,1],[7,1],[10001,1],[29905,1],[10451,1],[40106,1],[40206,1],[40306,1],[40406,1]]"
40320,40320,4,1,0,144464,"[[3,1],[7,1],[10001,1],[29905,1],[10451,1],[40106,1],[40206,1],[40306,1],[40406,1]]","[[5,510],[22,525],[1,700],[7,11]]","[[3,1],[7,1],[10001,1],[29905,1],[10451,1],[40106,1],[40206,1],[40306,1],[40406,1]]","[[5,510],[22,525],[1,700],[7,11]]","[[3,1],[7,1],[10001,1],[29905,1],[10451,1],[40106,1],[40206,1],[40306,1],[40406,1]]"
40310,40310,4,1,0,144201,"[[3,1],[7,1],[10001,1],[29905,1],[10451,1],[40106,1],[40206,1],[40306,1],[40406,1]]","[[5,510],[22,525],[1,700],[7,11]]","[[3,1],[7,1],[10001,1],[29905,1],[10451,1],[40106,1],[40206,1],[40306,1],[40406,1]]","[[5,510],[22,525],[1,700],[7,11]]","[[3,1],[7,1],[10001,1],[29905,1],[10451,1],[40106,1],[40206,1],[40306,1],[40406,1]]"
40300,40300,4,1,1,143939,"[[3,1],[7,1],[10001,1],[29905,1],[10451,1],[40106,1],[40206,1],[40306,1],[40406,1]]","[[5,500],[22,525],[1,700],[7,11]]","[[3,1],[7,1],[10001,1],[29905,1],[10451,1],[40106,1],[40206,1],[40306,1],[40406,1]]","[[5,500],[22,525],[1,700],[7,11]]","[[3,1],[7,1],[10001,1],[29905,1],[10451,1],[40106,1],[40206,1],[40306,1],[40406,1]]"
40290,40290,4,1,0,143676,"[[3,1],[7,1],[10001,1],[29905,1],[10451,1],[40106,1],[40206,1],[40306,1],[40406,1]]","[[5,500],[22,515],[1,690],[7,11]]","[[3,1],[7,1],[10001,1],[29905,1],[10451,1],[40106,1],[40206,1],[40306,1],[40406,1]]","[[5,500],[22,515],[1,690],[7,11]]","[[3,1],[7,1],[10001,1],[29905,1],[10451,1],[40106,1],[40206,1],[40306,1],[40406,1]]"
40280,40280,4,1,0,139991,"[[3,1],[7,1],[10001,1],[29905,1],[10451,1],[40106,1],[40206,1],[40306,1],[40406,1]]","[[5,500],[22,515],[1,690],[7,11]]","[[3,1],[7,1],[10001,1],[29905,1],[10451,1],[40106,1],[40206,1],[40306,1],[40406,1]]","[[5,500],[22,515],[1,690],[7,11]]","[[3,1],[7,1],[10001,1],[29905,1],[10451,1],[40106,1],[40206,1],[40306,1],[40406,1]]"
40270,40270,4,1,0,139728,"[[3,1],[7,1],[10001,1],[29905,1],[10451,1],[40105,1],[40205,1],[40305,1],[40405,1]]","[[5,490],[22,515],[1,690],[7,11]]","[[3,1],[7,1],[10001,1],[29905,1],[10451,1],[40105,1],[40205,1],[40305,1],[40405,1]]","[[5,490],[22,515],[1,690],[7,11]]","[[3,1],[7,1],[10001,1],[29905,1],[10451,1],[40105,1],[40205,1],[40305,1],[40405,1]]"
40260,40260,4,1,0,139466,"[[3,1],[7,1],[10001,1],[29905,1],[10451,1],[40105,1],[40205,1],[40305,1],[40405,1]]","[[5,490],[22,505],[1,680],[7,11]]","[[3,1],[7,1],[10001,1],[29905,1],[10451,1],[40105,1],[40205,1],[40305,1],[40405,1]]","[[5,490],[22,505],[1,680],[7,11]]","[[3,1],[7,1],[10001,1],[29905,1],[10451,1],[40105,1],[40205,1],[40305,1],[40405,1]]"
40250,40250,4,1,1,139203,"[[3,1],[7,1],[10001,1],[29905,1],[10451,1],[40105,1],[40205,1],[40305,1],[40405,1]]","[[5,490],[22,505],[1,680],[7,11]]","[[3,1],[7,1],[10001,1],[29905,1],[10451,1],[40105,1],[40205,1],[40305,1],[40405,1]]","[[5,490],[22,505],[1,680],[7,11]]","[[3,1],[7,1],[10001,1],[29905,1],[10451,1],[40105,1],[40205,1],[40305,1],[40405,1]]"
40240,40240,4,1,0,135576,"[[3,1],[7,1],[10001,1],[29905,1],[10451,1],[40105,1],[40205,1],[40305,1],[40405,1]]","[[5,480],[22,505],[1,680],[7,11]]","[[3,1],[7,1],[10001,1],[29905,1],[10451,1],[40105,1],[40205,1],[40305,1],[40405,1]]","[[5,480],[22,505],[1,680],[7,11]]","[[3,1],[7,1],[10001,1],[29905,1],[10451,1],[40105,1],[40205,1],[40305,1],[40405,1]]"
40230,40230,4,1,0,135313,"[[3,1],[7,1],[10001,1],[29905,1],[10451,1],[40105,1],[40205,1],[40305,1],[40405,1]]","[[5,480],[22,495],[1,670],[7,11]]","[[3,1],[7,1],[10001,1],[29905,1],[10451,1],[40105,1],[40205,1],[40305,1],[40405,1]]","[[5,480],[22,495],[1,670],[7,11]]","[[3,1],[7,1],[10001,1],[29905,1],[10451,1],[40105,1],[40205,1],[40305,1],[40405,1]]"
40220,40220,4,1,0,135051,"[[3,1],[7,1],[10001,1],[29905,1],[10451,1],[40105,1],[40205,1],[40305,1],[40405,1]]","[[5,480],[22,495],[1,670],[7,11]]","[[3,1],[7,1],[10001,1],[29905,1],[10451,1],[40105,1],[40205,1],[40305,1],[40405,1]]","[[5,480],[22,495],[1,670],[7,11]]","[[3,1],[7,1],[10001,1],[29905,1],[10451,1],[40105,1],[40205,1],[40305,1],[40405,1]]"
40210,40210,4,1,0,134788,"[[3,1],[7,1],[10001,1],[29905,1],[10451,1],[40105,1],[40205,1],[40305,1],[40405,1]]","[[5,470],[22,495],[1,670],[7,11]]","[[3,1],[7,1],[10001,1],[29905,1],[10451,1],[40105,1],[40205,1],[40305,1],[40405,1]]","[[5,470],[22,495],[1,670],[7,11]]","[[3,1],[7,1],[10001,1],[29905,1],[10451,1],[40105,1],[40205,1],[40305,1],[40405,1]]"
40200,40200,4,1,1,131234,"[[3,1],[7,1],[10001,1],[29905,1],[10451,1],[40105,1],[40205,1],[40305,1],[40405,1]]","[[5,470],[22,485],[1,660],[7,11]]","[[3,1],[7,1],[10001,1],[29905,1],[10451,1],[40105,1],[40205,1],[40305,1],[40405,1]]","[[5,470],[22,485],[1,660],[7,11]]","[[3,1],[7,1],[10001,1],[29905,1],[10451,1],[40105,1],[40205,1],[40305,1],[40405,1]]"
40190,40190,4,1,0,130971,"[[3,1],[7,1],[10001,1],[29905,1],[10451,1],[40105,1],[40205,1],[40305,1],[40405,1]]","[[5,470],[22,485],[1,660],[7,11]]","[[3,1],[7,1],[10001,1],[29905,1],[10451,1],[40105,1],[40205,1],[40305,1],[40405,1]]","[[5,470],[22,485],[1,660],[7,11]]","[[3,1],[7,1],[10001,1],[29905,1],[10451,1],[40105,1],[40205,1],[40305,1],[40405,1]]"
40180,40180,4,1,0,130709,"[[3,1],[7,1],[10001,1],[29905,1],[10451,1],[40105,1],[40205,1],[40305,1],[40405,1]]","[[5,460],[22,485],[1,660],[7,11]]","[[3,1],[7,1],[10001,1],[29905,1],[10451,1],[40105,1],[40205,1],[40305,1],[40405,1]]","[[5,460],[22,485],[1,660],[7,11]]","[[3,1],[7,1],[10001,1],[29905,1],[10451,1],[40105,1],[40205,1],[40305,1],[40405,1]]"
40170,40170,4,1,0,130446,"[[3,1],[7,1],[10001,1],[29905,1],[10451,1],[40105,1],[40205,1],[40305,1],[40405,1]]","[[5,460],[22,475],[1,650],[7,11]]","[[3,1],[7,1],[10001,1],[29905,1],[10451,1],[40105,1],[40205,1],[40305,1],[40405,1]]","[[5,460],[22,475],[1,650],[7,11]]","[[3,1],[7,1],[10001,1],[29905,1],[10451,1],[40105,1],[40205,1],[40305,1],[40405,1]]"
40160,40160,4,1,0,126924,"[[3,1],[7,1],[10001,1],[29905,1],[10451,1],[40105,1],[40205,1],[40305,1],[40405,1]]","[[5,460],[22,475],[1,650],[7,11]]","[[3,1],[7,1],[10001,1],[29905,1],[10451,1],[40105,1],[40205,1],[40305,1],[40405,1]]","[[5,460],[22,475],[1,650],[7,11]]","[[3,1],[7,1],[10001,1],[29905,1],[10451,1],[40105,1],[40205,1],[40305,1],[40405,1]]"
40150,40150,4,1,1,126661,"[[3,1],[7,1],[10001,1],[29905,1],[10451,1],[40105,1],[40205,1],[40305,1],[40405,1]]","[[5,450],[22,475],[1,650],[7,11]]","[[3,1],[7,1],[10001,1],[29905,1],[10451,1],[40105,1],[40205,1],[40305,1],[40405,1]]","[[5,450],[22,475],[1,650],[7,11]]","[[3,1],[7,1],[10001,1],[29905,1],[10451,1],[40105,1],[40205,1],[40305,1],[40405,1]]"
40140,40140,4,1,0,126399,"[[3,1],[7,1],[10001,1],[29905,1],[10451,1],[40105,1],[40205,1],[40305,1],[40405,1]]","[[5,450],[22,465],[1,640],[7,11]]","[[3,1],[7,1],[10001,1],[29905,1],[10451,1],[40105,1],[40205,1],[40305,1],[40405,1]]","[[5,450],[22,465],[1,640],[7,11]]","[[3,1],[7,1],[10001,1],[29905,1],[10451,1],[40105,1],[40205,1],[40305,1],[40405,1]]"
40130,40130,4,1,0,126136,"[[3,1],[7,1],[10001,1],[29905,1],[10451,1],[40105,1],[40205,1],[40305,1],[40405,1]]","[[5,450],[22,465],[1,640],[7,11]]","[[3,1],[7,1],[10001,1],[29905,1],[10451,1],[40105,1],[40205,1],[40305,1],[40405,1]]","[[5,450],[22,465],[1,640],[7,11]]","[[3,1],[7,1],[10001,1],[29905,1],[10451,1],[40105,1],[40205,1],[40305,1],[40405,1]]"
40120,40120,4,1,0,122697,"[[3,1],[7,1],[10001,1],[29905,1],[10451,1],[40105,1],[40205,1],[40305,1],[40405,1]]","[[5,440],[22,465],[1,640],[7,11]]","[[3,1],[7,1],[10001,1],[29905,1],[10451,1],[40105,1],[40205,1],[40305,1],[40405,1]]","[[5,440],[22,465],[1,640],[7,11]]","[[3,1],[7,1],[10001,1],[29905,1],[10451,1],[40105,1],[40205,1],[40305,1],[40405,1]]"
40110,40110,4,1,0,122435,"[[3,1],[7,1],[10001,1],[29905,1],[10451,1],[40105,1],[40205,1],[40305,1],[40405,1]]","[[5,440],[22,455],[1,630],[7,11]]","[[3,1],[7,1],[10001,1],[29905,1],[10451,1],[40105,1],[40205,1],[40305,1],[40405,1]]","[[5,440],[22,455],[1,630],[7,11]]","[[3,1],[7,1],[10001,1],[29905,1],[10451,1],[40105,1],[40205,1],[40305,1],[40405,1]]"
40100,40100,4,1,1,122172,"[[3,1],[7,1],[10001,1],[29905,1],[10451,1],[40105,1],[40205,1],[40305,1],[40405,1]]","[[5,440],[22,455],[1,630],[7,11]]","[[3,1],[7,1],[10001,1],[29905,1],[10451,1],[40105,1],[40205,1],[40305,1],[40405,1]]","[[5,440],[22,455],[1,630],[7,11]]","[[3,1],[7,1],[10001,1],[29905,1],[10451,1],[40105,1],[40205,1],[40305,1],[40405,1]]"
40090,40090,4,1,0,121910,"[[3,1],[7,1],[10001,1],[29905,1],[10451,1],[40105,1],[40205,1],[40305,1],[40405,1]]","[[5,430],[22,455],[1,630],[7,11]]","[[3,1],[7,1],[10001,1],[29905,1],[10451,1],[40105,1],[40205,1],[40305,1],[40405,1]]","[[5,430],[22,455],[1,630],[7,11]]","[[3,1],[7,1],[10001,1],[29905,1],[10451,1],[40105,1],[40205,1],[40305,1],[40405,1]]"
40080,40080,4,1,0,118471,"[[3,1],[7,1],[10001,1],[29905,1],[10451,1],[40105,1],[40205,1],[40305,1],[40405,1]]","[[5,430],[22,445],[1,620],[7,11]]","[[3,1],[7,1],[10001,1],[29905,1],[10451,1],[40105,1],[40205,1],[40305,1],[40405,1]]","[[5,430],[22,445],[1,620],[7,11]]","[[3,1],[7,1],[10001,1],[29905,1],[10451,1],[40105,1],[40205,1],[40305,1],[40405,1]]"
40070,40070,4,1,0,118209,"[[3,1],[7,1],[10001,1],[29905,1],[10451,1],[40105,1],[40205,1],[40305,1],[40405,1]]","[[5,430],[22,445],[1,620],[7,11]]","[[3,1],[7,1],[10001,1],[29905,1],[10451,1],[40105,1],[40205,1],[40305,1],[40405,1]]","[[5,430],[22,445],[1,620],[7,11]]","[[3,1],[7,1],[10001,1],[29905,1],[10451,1],[40105,1],[40205,1],[40305,1],[40405,1]]"
40060,40060,4,1,0,117946,"[[3,1],[7,1],[10001,1],[29905,1],[10451,1],[40105,1],[40205,1],[40305,1],[40405,1]]","[[5,420],[22,445],[1,620],[7,11]]","[[3,1],[7,1],[10001,1],[29905,1],[10451,1],[40105,1],[40205,1],[40305,1],[40405,1]]","[[5,420],[22,445],[1,620],[7,11]]","[[3,1],[7,1],[10001,1],[29905,1],[10451,1],[40105,1],[40205,1],[40305,1],[40405,1]]"
40050,40050,4,1,1,117684,"[[3,1],[7,1],[10001,1],[29905,1],[10451,1],[40105,1],[40205,1],[40305,1],[40405,1]]","[[5,420],[22,435],[1,610],[7,11]]","[[3,1],[7,1],[10001,1],[29905,1],[10451,1],[40105,1],[40205,1],[40305,1],[40405,1]]","[[5,420],[22,435],[1,610],[7,11]]","[[3,1],[7,1],[10001,1],[29905,1],[10451,1],[40105,1],[40205,1],[40305,1],[40405,1]]"
40040,40040,4,1,0,107913,"[[3,1],[7,1],[10001,1],[29905,1],[10451,1],[40105,1],[40205,1],[40305,1],[40405,1]]","[[5,420],[22,435],[1,610],[7,11]]","[[3,1],[7,1],[10001,1],[29905,1],[10451,1],[40105,1],[40205,1],[40305,1],[40405,1]]","[[5,420],[22,435],[1,610],[7,11]]","[[3,1],[7,1],[10001,1],[29905,1],[10451,1],[40105,1],[40205,1],[40305,1],[40405,1]]"
40030,40030,4,1,0,107651,"[[3,1],[7,1],[10001,1],[29905,1],[10451,1],[40105,1],[40205,1],[40305,1],[40405,1]]","[[5,410],[22,435],[1,610],[7,11]]","[[3,1],[7,1],[10001,1],[29905,1],[10451,1],[40105,1],[40205,1],[40305,1],[40405,1]]","[[5,410],[22,435],[1,610],[7,11]]","[[3,1],[7,1],[10001,1],[29905,1],[10451,1],[40105,1],[40205,1],[40305,1],[40405,1]]"
40020,40020,4,1,0,107388,"[[3,1],[7,1],[10001,1],[29905,1],[10451,1],[40105,1],[40205,1],[40305,1],[40405,1]]","[[5,410],[22,425],[1,600],[7,11]]","[[3,1],[7,1],[10001,1],[29905,1],[10451,1],[40105,1],[40205,1],[40305,1],[40405,1]]","[[5,410],[22,425],[1,600],[7,11]]","[[3,1],[7,1],[10001,1],[29905,1],[10451,1],[40105,1],[40205,1],[40305,1],[40405,1]]"
40010,40010,4,1,0,107126,"[[3,1],[7,1],[10001,1],[29905,1],[10451,1],[40105,1],[40205,1],[40305,1],[40405,1]]","[[5,410],[22,425],[1,600],[7,11]]","[[3,1],[7,1],[10001,1],[29905,1],[10451,1],[40105,1],[40205,1],[40305,1],[40405,1]]","[[5,410],[22,425],[1,600],[7,11]]","[[3,1],[7,1],[10001,1],[29905,1],[10451,1],[40105,1],[40205,1],[40305,1],[40405,1]]"
30400,30400,3,1,1,104343,"[[3,1],[7,1],[10001,1],[29905,1],[10451,1],[40105,1],[40205,1],[40305,1],[40405,1]]","[[5,400],[22,425],[1,600],[7,11]]","[[3,1],[7,1],[10001,1],[29905,1],[10451,1],[40105,1],[40205,1],[40305,1],[40405,1]]","[[5,400],[22,425],[1,600],[7,11]]","[[3,1],[7,1],[10001,1],[29905,1],[10451,1],[40105,1],[40205,1],[40305,1],[40405,1]]"
30390,30390,3,1,0,104081,"[[3,1],[7,1],[10001,1],[29905,1],[10451,1],[40105,1],[40205,1],[40305,1],[40405,1]]","[[5,400],[22,415],[1,590],[7,11]]","[[3,1],[7,1],[10001,1],[29905,1],[10451,1],[40105,1],[40205,1],[40305,1],[40405,1]]","[[5,400],[22,415],[1,590],[7,11]]","[[3,1],[7,1],[10001,1],[29905,1],[10451,1],[40105,1],[40205,1],[40305,1],[40405,1]]"
30380,30380,3,1,0,103818,"[[3,1],[7,1],[10001,1],[29905,1],[10451,1],[40105,1],[40205,1],[40305,1],[40405,1]]","[[5,400],[22,415],[1,590],[7,11]]","[[3,1],[7,1],[10001,1],[29905,1],[10451,1],[40105,1],[40205,1],[40305,1],[40405,1]]","[[5,400],[22,415],[1,590],[7,11]]","[[3,1],[7,1],[10001,1],[29905,1],[10451,1],[40105,1],[40205,1],[40305,1],[40405,1]]"
30370,30370,3,1,0,103556,"[[3,1],[7,1],[10001,1],[29905,1],[10451,1],[40104,1],[40204,1],[40304,1],[40404,1]]","[[5,390],[22,415],[1,590],[7,11]]","[[3,1],[7,1],[10001,1],[29905,1],[10451,1],[40104,1],[40204,1],[40304,1],[40404,1]]","[[5,390],[22,415],[1,590],[7,11]]","[[3,1],[7,1],[10001,1],[29905,1],[10451,1],[40104,1],[40204,1],[40304,1],[40404,1]]"
30360,30360,3,1,0,100863,"[[3,1],[7,1],[10001,1],[29905,1],[10451,1],[40104,1],[40204,1],[40304,1],[40404,1]]","[[5,390],[22,405],[1,580],[7,11]]","[[3,1],[7,1],[10001,1],[29905,1],[10451,1],[40104,1],[40204,1],[40304,1],[40404,1]]","[[5,390],[22,405],[1,580],[7,11]]","[[3,1],[7,1],[10001,1],[29905,1],[10451,1],[40104,1],[40204,1],[40304,1],[40404,1]]"
30350,30350,3,1,1,100600,"[[3,1],[7,1],[10001,1],[29905,1],[10451,1],[40104,1],[40204,1],[40304,1],[40404,1]]","[[5,390],[22,405],[1,580],[7,11]]","[[3,1],[7,1],[10001,1],[29905,1],[10451,1],[40104,1],[40204,1],[40304,1],[40404,1]]","[[5,390],[22,405],[1,580],[7,11]]","[[3,1],[7,1],[10001,1],[29905,1],[10451,1],[40104,1],[40204,1],[40304,1],[40404,1]]"
30340,30340,3,1,0,100338,"[[3,1],[7,1],[10001,1],[29905,1],[10451,1],[40104,1],[40204,1],[40304,1],[40404,1]]","[[5,380],[22,405],[1,580],[7,11]]","[[3,1],[7,1],[10001,1],[29905,1],[10451,1],[40104,1],[40204,1],[40304,1],[40404,1]]","[[5,380],[22,405],[1,580],[7,11]]","[[3,1],[7,1],[10001,1],[29905,1],[10451,1],[40104,1],[40204,1],[40304,1],[40404,1]]"
30330,30330,3,1,0,100075,"[[3,1],[7,1],[10001,1],[29905,1],[10451,1],[40104,1],[40204,1],[40304,1],[40404,1]]","[[5,380],[22,395],[1,570],[7,11]]","[[3,1],[7,1],[10001,1],[29905,1],[10451,1],[40104,1],[40204,1],[40304,1],[40404,1]]","[[5,380],[22,395],[1,570],[7,11]]","[[3,1],[7,1],[10001,1],[29905,1],[10451,1],[40104,1],[40204,1],[40304,1],[40404,1]]"
30320,30320,3,1,0,97403,"[[3,1],[7,1],[10001,1],[29905,1],[10451,1],[40104,1],[40204,1],[40304,1],[40404,1]]","[[5,380],[22,395],[1,570],[7,11]]","[[3,1],[7,1],[10001,1],[29905,1],[10451,1],[40104,1],[40204,1],[40304,1],[40404,1]]","[[5,380],[22,395],[1,570],[7,11]]","[[3,1],[7,1],[10001,1],[29905,1],[10451,1],[40104,1],[40204,1],[40304,1],[40404,1]]"
30310,30310,3,1,0,97140,"[[3,1],[7,1],[10001,1],[29905,1],[10451,1],[40104,1],[40204,1],[40304,1],[40404,1]]","[[5,370],[22,395],[1,570],[7,11]]","[[3,1],[7,1],[10001,1],[29905,1],[10451,1],[40104,1],[40204,1],[40304,1],[40404,1]]","[[5,370],[22,395],[1,570],[7,11]]","[[3,1],[7,1],[10001,1],[29905,1],[10451,1],[40104,1],[40204,1],[40304,1],[40404,1]]"
30300,30300,3,1,1,96878,"[[3,1],[7,1],[10001,1],[29905,1],[10451,1],[40104,1],[40204,1],[40304,1],[40404,1]]","[[5,370],[22,385],[1,560],[7,11]]","[[3,1],[7,1],[10001,1],[29905,1],[10451,1],[40104,1],[40204,1],[40304,1],[40404,1]]","[[5,370],[22,385],[1,560],[7,11]]","[[3,1],[7,1],[10001,1],[29905,1],[10451,1],[40104,1],[40204,1],[40304,1],[40404,1]]"
30290,30290,3,1,0,96615,"[[3,1],[7,1],[10001,1],[29905,1],[10451,1],[40104,1],[40204,1],[40304,1],[40404,1]]","[[5,370],[22,385],[1,560],[7,11]]","[[3,1],[7,1],[10001,1],[29905,1],[10451,1],[40104,1],[40204,1],[40304,1],[40404,1]]","[[5,370],[22,385],[1,560],[7,11]]","[[3,1],[7,1],[10001,1],[29905,1],[10451,1],[40104,1],[40204,1],[40304,1],[40404,1]]"
30280,30280,3,1,0,93980,"[[3,1],[7,1],[10001,1],[29905,1],[10451,1],[40104,1],[40204,1],[40304,1],[40404,1]]","[[5,360],[22,385],[1,560],[7,11]]","[[3,1],[7,1],[10001,1],[29905,1],[10451,1],[40104,1],[40204,1],[40304,1],[40404,1]]","[[5,360],[22,385],[1,560],[7,11]]","[[3,1],[7,1],[10001,1],[29905,1],[10451,1],[40104,1],[40204,1],[40304,1],[40404,1]]"
30270,30270,3,1,0,93717,"[[3,1],[7,1],[10001,1],[29905,1],[10451,1],[40104,1],[40204,1],[40304,1],[40404,1]]","[[5,360],[22,375],[1,550],[7,11]]","[[3,1],[7,1],[10001,1],[29905,1],[10451,1],[40104,1],[40204,1],[40304,1],[40404,1]]","[[5,360],[22,375],[1,550],[7,11]]","[[3,1],[7,1],[10001,1],[29905,1],[10451,1],[40104,1],[40204,1],[40304,1],[40404,1]]"
30260,30260,3,1,0,93455,"[[3,1],[7,1],[10001,1],[29905,1],[10451,1],[40104,1],[40204,1],[40304,1],[40404,1]]","[[5,360],[22,375],[1,550],[7,11]]","[[3,1],[7,1],[10001,1],[29905,1],[10451,1],[40104,1],[40204,1],[40304,1],[40404,1]]","[[5,360],[22,375],[1,550],[7,11]]","[[3,1],[7,1],[10001,1],[29905,1],[10451,1],[40104,1],[40204,1],[40304,1],[40404,1]]"
30250,30250,3,1,1,93192,"[[3,1],[7,1],[10001,1],[29905,1],[10451,1],[40104,1],[40204,1],[40304,1],[40404,1]]","[[5,350],[22,375],[1,550],[7,11]]","[[3,1],[7,1],[10001,1],[29905,1],[10451,1],[40104,1],[40204,1],[40304,1],[40404,1]]","[[5,350],[22,375],[1,550],[7,11]]","[[3,1],[7,1],[10001,1],[29905,1],[10451,1],[40104,1],[40204,1],[40304,1],[40404,1]]"
30240,30240,3,1,0,84598,"[[3,1],[7,1],[10001,1],[29905,1],[10451,1],[40104,1],[40204,1],[40304,1],[40404,1]]","[[5,350],[22,365],[1,540],[7,11]]","[[3,1],[7,1],[10001,1],[29905,1],[10451,1],[40104,1],[40204,1],[40304,1],[40404,1]]","[[5,350],[22,365],[1,540],[7,11]]","[[3,1],[7,1],[10001,1],[29905,1],[10451,1],[40104,1],[40204,1],[40304,1],[40404,1]]"
30230,30230,3,1,0,84336,"[[3,1],[7,1],[10001,1],[29905,1],[10451,1],[40104,1],[40204,1],[40304,1],[40404,1]]","[[5,350],[22,365],[1,540],[7,11]]","[[3,1],[7,1],[10001,1],[29905,1],[10451,1],[40104,1],[40204,1],[40304,1],[40404,1]]","[[5,350],[22,365],[1,540],[7,11]]","[[3,1],[7,1],[10001,1],[29905,1],[10451,1],[40104,1],[40204,1],[40304,1],[40404,1]]"
30220,30220,3,1,0,84073,"[[3,1],[7,1],[10001,1],[29905,1],[10451,1],[40104,1],[40204,1],[40304,1],[40404,1]]","[[5,340],[22,365],[1,540],[7,11]]","[[3,1],[7,1],[10001,1],[29905,1],[10451,1],[40104,1],[40204,1],[40304,1],[40404,1]]","[[5,340],[22,365],[1,540],[7,11]]","[[3,1],[7,1],[10001,1],[29905,1],[10451,1],[40104,1],[40204,1],[40304,1],[40404,1]]"
30210,30210,3,1,0,83811,"[[3,1],[7,1],[10001,1],[29905,1],[10451,1],[40104,1],[40204,1],[40304,1],[40404,1]]","[[5,340],[22,355],[1,530],[7,11]]","[[3,1],[7,1],[10001,1],[29905,1],[10451,1],[40104,1],[40204,1],[40304,1],[40404,1]]","[[5,340],[22,355],[1,530],[7,11]]","[[3,1],[7,1],[10001,1],[29905,1],[10451,1],[40104,1],[40204,1],[40304,1],[40404,1]]"
30200,30200,3,1,1,81054,"[[3,1],[7,1],[10001,1],[29905,1],[10451,1],[40104,1],[40204,1],[40304,1],[40404,1]]","[[5,340],[22,355],[1,530],[7,10]]","[[3,1],[7,1],[10001,1],[29905,1],[10451,1],[40104,1],[40204,1],[40304,1],[40404,1]]","[[5,340],[22,355],[1,530],[7,10]]","[[3,1],[7,1],[10001,1],[29905,1],[10451,1],[40104,1],[40204,1],[40304,1],[40404,1]]"
30190,30190,3,1,0,80792,"[[3,1],[7,1],[10001,1],[29905,1],[10451,1],[40104,1],[40204,1],[40304,1],[40404,1]]","[[5,330],[22,355],[1,530],[7,10]]","[[3,1],[7,1],[10001,1],[29905,1],[10451,1],[40104,1],[40204,1],[40304,1],[40404,1]]","[[5,330],[22,355],[1,530],[7,10]]","[[3,1],[7,1],[10001,1],[29905,1],[10451,1],[40104,1],[40204,1],[40304,1],[40404,1]]"
30180,30180,3,1,0,80529,"[[3,1],[7,1],[10001,1],[29905,1],[10451,1],[40104,1],[40204,1],[40304,1],[40404,1]]","[[5,330],[22,345],[1,520],[7,10]]","[[3,1],[7,1],[10001,1],[29905,1],[10451,1],[40104,1],[40204,1],[40304,1],[40404,1]]","[[5,330],[22,345],[1,520],[7,10]]","[[3,1],[7,1],[10001,1],[29905,1],[10451,1],[40104,1],[40204,1],[40304,1],[40404,1]]"
30170,30170,3,1,0,80267,"[[3,1],[7,1],[10001,1],[29905,1],[10451,1],[40104,1],[40204,1],[40304,1],[40404,1]]","[[5,330],[22,345],[1,520],[7,10]]","[[3,1],[7,1],[10001,1],[29905,1],[10451,1],[40104,1],[40204,1],[40304,1],[40404,1]]","[[5,330],[22,345],[1,520],[7,10]]","[[3,1],[7,1],[10001,1],[29905,1],[10451,1],[40104,1],[40204,1],[40304,1],[40404,1]]"
30160,30160,3,1,0,77558,"[[3,1],[7,1],[10001,1],[29905,1],[10451,1],[40104,1],[40204,1],[40304,1],[40404,1]]","[[5,320],[22,345],[1,520],[7,10]]","[[3,1],[7,1],[10001,1],[29905,1],[10451,1],[40104,1],[40204,1],[40304,1],[40404,1]]","[[5,320],[22,345],[1,520],[7,10]]","[[3,1],[7,1],[10001,1],[29905,1],[10451,1],[40104,1],[40204,1],[40304,1],[40404,1]]"
30150,30150,3,1,1,77295,"[[3,1],[7,1],[10001,1],[29905,1],[10451,1],[40104,1],[40204,1],[40304,1],[40404,1]]","[[5,320],[22,335],[1,510],[7,10]]","[[3,1],[7,1],[10001,1],[29905,1],[10451,1],[40104,1],[40204,1],[40304,1],[40404,1]]","[[5,320],[22,335],[1,510],[7,10]]","[[3,1],[7,1],[10001,1],[29905,1],[10451,1],[40104,1],[40204,1],[40304,1],[40404,1]]"
30140,30140,3,1,0,77033,"[[3,1],[7,1],[10001,1],[29905,1],[10451,1],[40104,1],[40204,1],[40304,1],[40404,1]]","[[5,320],[22,335],[1,510],[7,10]]","[[3,1],[7,1],[10001,1],[29905,1],[10451,1],[40104,1],[40204,1],[40304,1],[40404,1]]","[[5,320],[22,335],[1,510],[7,10]]","[[3,1],[7,1],[10001,1],[29905,1],[10451,1],[40104,1],[40204,1],[40304,1],[40404,1]]"
30130,30130,3,1,0,76770,"[[3,1],[7,1],[10001,1],[29905,1],[10451,1],[40104,1],[40204,1],[40304,1],[40404,1]]","[[5,310],[22,335],[1,510],[7,10]]","[[3,1],[7,1],[10001,1],[29905,1],[10451,1],[40104,1],[40204,1],[40304,1],[40404,1]]","[[5,310],[22,335],[1,510],[7,10]]","[[3,1],[7,1],[10001,1],[29905,1],[10451,1],[40104,1],[40204,1],[40304,1],[40404,1]]"
30120,30120,3,1,0,74114,"[[3,1],[7,1],[10001,1],[29905,1],[10451,1],[40104,1],[40204,1],[40304,1],[40404,1]]","[[5,310],[22,325],[1,500],[7,10]]","[[3,1],[7,1],[10001,1],[29905,1],[10451,1],[40104,1],[40204,1],[40304,1],[40404,1]]","[[5,310],[22,325],[1,500],[7,10]]","[[3,1],[7,1],[10001,1],[29905,1],[10451,1],[40104,1],[40204,1],[40304,1],[40404,1]]"
30110,30110,3,1,0,73851,"[[3,1],[7,1],[10001,1],[29905,1],[10451,1],[40104,1],[40204,1],[40304,1],[40404,1]]","[[5,310],[22,325],[1,500],[7,10]]","[[3,1],[7,1],[10001,1],[29905,1],[10451,1],[40104,1],[40204,1],[40304,1],[40404,1]]","[[5,310],[22,325],[1,500],[7,10]]","[[3,1],[7,1],[10001,1],[29905,1],[10451,1],[40104,1],[40204,1],[40304,1],[40404,1]]"
30100,30100,3,1,1,73589,"[[3,1],[7,1],[10001,1],[29905,1],[10451,1],[40104,1],[40204,1],[40304,1],[40404,1]]","[[5,300],[22,325],[1,500],[7,10]]","[[3,1],[7,1],[10001,1],[29905,1],[10451,1],[40104,1],[40204,1],[40304,1],[40404,1]]","[[5,300],[22,325],[1,500],[7,10]]","[[3,1],[7,1],[10001,1],[29905,1],[10451,1],[40104,1],[40204,1],[40304,1],[40404,1]]"
30090,30090,3,1,0,73326,"[[3,1],[7,1],[10001,1],[29904,1],[10451,1],[40104,1],[40204,1],[40304,1],[40404,1]]","[[5,300],[22,315],[1,490],[7,10]]","[[3,1],[7,1],[10001,1],[29904,1],[10451,1],[40104,1],[40204,1],[40304,1],[40404,1]]","[[5,300],[22,315],[1,490],[7,10]]","[[3,1],[7,1],[10001,1],[29904,1],[10451,1],[40104,1],[40204,1],[40304,1],[40404,1]]"
30080,30080,3,1,0,70770,"[[3,1],[7,1],[10001,1],[29904,1],[10451,1],[40104,1],[40204,1],[40304,1],[40404,1]]","[[5,300],[22,315],[1,490],[7,10]]","[[3,1],[7,1],[10001,1],[29904,1],[10451,1],[40104,1],[40204,1],[40304,1],[40404,1]]","[[5,300],[22,315],[1,490],[7,10]]","[[3,1],[7,1],[10001,1],[29904,1],[10451,1],[40104,1],[40204,1],[40304,1],[40404,1]]"
30070,30070,3,1,0,70507,"[[3,1],[7,1],[10001,1],[29904,1],[10451,1],[40103,1],[40203,1],[40303,1],[40403,1]]","[[5,290],[22,315],[1,490],[7,10]]","[[3,1],[7,1],[10001,1],[29904,1],[10451,1],[40103,1],[40203,1],[40303,1],[40403,1]]","[[5,290],[22,315],[1,490],[7,10]]","[[3,1],[7,1],[10001,1],[29904,1],[10451,1],[40103,1],[40203,1],[40303,1],[40403,1]]"
30060,30060,3,1,0,70245,"[[3,1],[7,1],[10001,1],[29904,1],[10451,1],[40103,1],[40203,1],[40303,1],[40403,1]]","[[5,290],[22,305],[1,480],[7,10]]","[[3,1],[7,1],[10001,1],[29904,1],[10451,1],[40103,1],[40203,1],[40303,1],[40403,1]]","[[5,290],[22,305],[1,480],[7,10]]","[[3,1],[7,1],[10001,1],[29904,1],[10451,1],[40103,1],[40203,1],[40303,1],[40403,1]]"
30050,30050,3,1,1,69982,"[[3,1],[7,1],[10001,1],[29904,1],[10451,1],[40103,1],[40203,1],[40303,1],[40403,1]]","[[5,290],[22,305],[1,480],[7,10]]","[[3,1],[7,1],[10001,1],[29904,1],[10451,1],[40103,1],[40203,1],[40303,1],[40403,1]]","[[5,290],[22,305],[1,480],[7,10]]","[[3,1],[7,1],[10001,1],[29904,1],[10451,1],[40103,1],[40203,1],[40303,1],[40403,1]]"
30040,30040,3,1,0,65798,"[[3,1],[7,1],[10001,1],[29904,1],[10451,1],[40103,1],[40203,1],[40303,1],[40403,1]]","[[5,280],[22,305],[1,480],[7,10]]","[[3,1],[7,1],[10001,1],[29904,1],[10451,1],[40103,1],[40203,1],[40303,1],[40403,1]]","[[5,280],[22,305],[1,480],[7,10]]","[[3,1],[7,1],[10001,1],[29904,1],[10451,1],[40103,1],[40203,1],[40303,1],[40403,1]]"
30030,30030,3,1,0,65535,"[[3,1],[7,1],[10001,1],[29904,1],[10451,1],[40103,1],[40203,1],[40303,1],[40403,1]]","[[5,280],[22,295],[1,470],[7,10]]","[[3,1],[7,1],[10001,1],[29904,1],[10451,1],[40103,1],[40203,1],[40303,1],[40403,1]]","[[5,280],[22,295],[1,470],[7,10]]","[[3,1],[7,1],[10001,1],[29904,1],[10451,1],[40103,1],[40203,1],[40303,1],[40403,1]]"
30020,30020,3,1,0,65273,"[[3,1],[7,1],[10001,1],[29904,1],[10451,1],[40103,1],[40203,1],[40303,1],[40403,1]]","[[5,280],[22,295],[1,470],[7,10]]","[[3,1],[7,1],[10001,1],[29904,1],[10451,1],[40103,1],[40203,1],[40303,1],[40403,1]]","[[5,280],[22,295],[1,470],[7,10]]","[[3,1],[7,1],[10001,1],[29904,1],[10451,1],[40103,1],[40203,1],[40303,1],[40403,1]]"
30010,30010,3,1,0,65010,"[[3,1],[7,1],[10001,1],[29904,1],[10451,1],[40103,1],[40203,1],[40303,1],[40403,1]]","[[5,270],[22,295],[1,470],[7,10]]","[[3,1],[7,1],[10001,1],[29904,1],[10451,1],[40103,1],[40203,1],[40303,1],[40403,1]]","[[5,270],[22,295],[1,470],[7,10]]","[[3,1],[7,1],[10001,1],[29904,1],[10451,1],[40103,1],[40203,1],[40303,1],[40403,1]]"
20400,20400,2,1,1,62517,"[[3,1],[7,1],[10001,1],[29904,1],[10451,1],[40103,1],[40203,1],[40303,1],[40403,1]]","[[5,270],[22,285],[1,460],[7,10]]","[[3,1],[7,1],[10001,1],[29904,1],[10451,1],[40103,1],[40203,1],[40303,1],[40403,1]]","[[5,270],[22,285],[1,460],[7,10]]","[[3,1],[7,1],[10001,1],[29904,1],[10451,1],[40103,1],[40203,1],[40303,1],[40403,1]]"
20390,20390,2,1,0,62254,"[[3,1],[7,1],[10001,1],[29904,1],[10451,1],[40103,1],[40203,1],[40303,1],[40403,1]]","[[5,270],[22,285],[1,460],[7,10]]","[[3,1],[7,1],[10001,1],[29904,1],[10451,1],[40103,1],[40203,1],[40303,1],[40403,1]]","[[5,270],[22,285],[1,460],[7,10]]","[[3,1],[7,1],[10001,1],[29904,1],[10451,1],[40103,1],[40203,1],[40303,1],[40403,1]]"
20380,20380,2,1,0,61992,"[[3,1],[7,1],[10001,1],[29904,1],[10451,1],[40103,1],[40203,1],[40303,1],[40403,1]]","[[5,260],[22,285],[1,460],[7,10]]","[[3,1],[7,1],[10001,1],[29904,1],[10451,1],[40103,1],[40203,1],[40303,1],[40403,1]]","[[5,260],[22,285],[1,460],[7,10]]","[[3,1],[7,1],[10001,1],[29904,1],[10451,1],[40103,1],[40203,1],[40303,1],[40403,1]]"
20370,20370,2,1,0,59556,"[[3,1],[7,1],[10001,1],[29904,1],[10451,1],[40103,1],[40203,1],[40303,1],[40403,1]]","[[5,260],[22,275],[1,450],[7,10]]","[[3,1],[7,1],[10001,1],[29904,1],[10451,1],[40103,1],[40203,1],[40303,1],[40403,1]]","[[5,260],[22,275],[1,450],[7,10]]","[[3,1],[7,1],[10001,1],[29904,1],[10451,1],[40103,1],[40203,1],[40303,1],[40403,1]]"
20360,20360,2,1,0,59293,"[[3,1],[7,1],[10001,1],[29904,1],[10451,1],[40103,1],[40203,1],[40303,1],[40403,1]]","[[5,260],[22,275],[1,450],[7,10]]","[[3,1],[7,1],[10001,1],[29904,1],[10451,1],[40103,1],[40203,1],[40303,1],[40403,1]]","[[5,260],[22,275],[1,450],[7,10]]","[[3,1],[7,1],[10001,1],[29904,1],[10451,1],[40103,1],[40203,1],[40303,1],[40403,1]]"
20350,20350,2,1,1,59031,"[[3,1],[7,1],[10001,1],[29904,1],[10451,1],[40103,1],[40203,1],[40303,1],[40403,1]]","[[5,250],[22,275],[1,450],[7,10]]","[[3,1],[7,1],[10001,1],[29904,1],[10451,1],[40103,1],[40203,1],[40303,1],[40403,1]]","[[5,250],[22,275],[1,450],[7,10]]","[[3,1],[7,1],[10001,1],[29904,1],[10451,1],[40103,1],[40203,1],[40303,1],[40403,1]]"
20340,20340,2,1,0,56637,"[[3,1],[7,1],[10001,1],[29904,1],[10451,1],[40103,1],[40203,1],[40303,1],[40403,1]]","[[5,250],[22,265],[1,440],[7,10]]","[[3,1],[7,1],[10001,1],[29904,1],[10451,1],[40103,1],[40203,1],[40303,1],[40403,1]]","[[5,250],[22,265],[1,440],[7,10]]","[[3,1],[7,1],[10001,1],[29904,1],[10451,1],[40103,1],[40203,1],[40303,1],[40403,1]]"
20330,20330,2,1,0,56374,"[[3,1],[7,1],[10001,1],[29904,1],[10451,1],[40103,1],[40203,1],[40303,1],[40403,1]]","[[5,250],[22,265],[1,440],[7,10]]","[[3,1],[7,1],[10001,1],[29904,1],[10451,1],[40103,1],[40203,1],[40303,1],[40403,1]]","[[5,250],[22,265],[1,440],[7,10]]","[[3,1],[7,1],[10001,1],[29904,1],[10451,1],[40103,1],[40203,1],[40303,1],[40403,1]]"
20320,20320,2,1,0,56112,"[[3,1],[7,1],[10001,1],[29904,1],[10451,1],[40103,1],[40203,1],[40303,1],[40403,1]]","[[5,240],[22,265],[1,440],[7,10]]","[[3,1],[7,1],[10001,1],[29904,1],[10451,1],[40103,1],[40203,1],[40303,1],[40403,1]]","[[5,240],[22,265],[1,440],[7,10]]","[[3,1],[7,1],[10001,1],[29904,1],[10451,1],[40103,1],[40203,1],[40303,1],[40403,1]]"
20310,20310,2,1,0,53775,"[[3,1],[7,1],[10001,1],[29904,1],[10451,1],[40103,1],[40203,1],[40303,1],[40403,1]]","[[5,240],[22,255],[1,430],[7,10]]","[[3,1],[7,1],[10001,1],[29904,1],[10451,1],[40103,1],[40203,1],[40303,1],[40403,1]]","[[5,240],[22,255],[1,430],[7,10]]","[[3,1],[7,1],[10001,1],[29904,1],[10451,1],[40103,1],[40203,1],[40303,1],[40403,1]]"
20300,20300,2,1,1,53513,"[[3,1],[7,1],[10001,1],[29904,1],[10451,1],[40103,1],[40203,1],[40303,1],[40403,1]]","[[5,240],[22,255],[1,430],[7,10]]","[[3,1],[7,1],[10001,1],[29904,1],[10451,1],[40103,1],[40203,1],[40303,1],[40403,1]]","[[5,240],[22,255],[1,430],[7,10]]","[[3,1],[7,1],[10001,1],[29904,1],[10451,1],[40103,1],[40203,1],[40303,1],[40403,1]]"
20290,20290,2,1,0,53250,"[[3,1],[7,1],[10001,1],[29904,1],[10451,1],[40103,1],[40203,1],[40303,1],[40403,1]]","[[5,230],[22,255],[1,430],[7,10]]","[[3,1],[7,1],[10001,1],[29904,1],[10451,1],[40103,1],[40203,1],[40303,1],[40403,1]]","[[5,230],[22,255],[1,430],[7,10]]","[[3,1],[7,1],[10001,1],[29904,1],[10451,1],[40103,1],[40203,1],[40303,1],[40403,1]]"
20280,20280,2,1,0,51003,"[[3,1],[7,1],[10001,1],[29904,1],[10451,1],[40103,1],[40203,1],[40303,1],[40403,1]]","[[5,230],[22,245],[1,420],[7,10]]","[[3,1],[7,1],[10001,1],[29904,1],[10451,1],[40103,1],[40203,1],[40303,1],[40403,1]]","[[5,230],[22,245],[1,420],[7,10]]","[[3,1],[7,1],[10001,1],[29904,1],[10451,1],[40103,1],[40203,1],[40303,1],[40403,1]]"
20270,20270,2,1,0,50741,"[[3,1],[7,1],[10001,1],[29904,1],[10451,1],[40103,1],[40203,1],[40303,1],[40403,1]]","[[5,230],[22,245],[1,420],[7,10]]","[[3,1],[7,1],[10001,1],[29904,1],[10451,1],[40103,1],[40203,1],[40303,1],[40403,1]]","[[5,230],[22,245],[1,420],[7,10]]","[[3,1],[7,1],[10001,1],[29904,1],[10451,1],[40103,1],[40203,1],[40303,1],[40403,1]]"
20260,20260,2,1,0,50478,"[[3,1],[7,1],[10001,1],[29904,1],[10451,1],[40103,1],[40203,1],[40303,1],[40403,1]]","[[5,220],[22,245],[1,420],[7,10]]","[[3,1],[7,1],[10001,1],[29904,1],[10451,1],[40103,1],[40203,1],[40303,1],[40403,1]]","[[5,220],[22,245],[1,420],[7,10]]","[[3,1],[7,1],[10001,1],[29904,1],[10451,1],[40103,1],[40203,1],[40303,1],[40403,1]]"
20250,20250,2,1,1,48231,"[[3,1],[7,1],[10001,1],[29904,1],[10451,1],[40103,1],[40203,1],[40303,1],[40403,1]]","[[5,220],[22,235],[1,410],[7,10]]","[[3,1],[7,1],[10001,1],[29904,1],[10451,1],[40103,1],[40203,1],[40303,1],[40403,1]]","[[5,220],[22,235],[1,410],[7,10]]","[[3,1],[7,1],[10001,1],[29904,1],[10451,1],[40103,1],[40203,1],[40303,1],[40403,1]]"
20240,20240,2,1,0,47969,"[[3,1],[7,1],[10001,1],[29904,1],[10451,1],[40103,1],[40203,1],[40303,1],[40403,1]]","[[5,220],[22,235],[1,410],[7,10]]","[[3,1],[7,1],[10001,1],[29904,1],[10451,1],[40103,1],[40203,1],[40303,1],[40403,1]]","[[5,220],[22,235],[1,410],[7,10]]","[[3,1],[7,1],[10001,1],[29904,1],[10451,1],[40103,1],[40203,1],[40303,1],[40403,1]]"
20230,20230,2,1,0,47706,"[[3,1],[7,1],[10001,1],[29904,1],[10451,1],[40103,1],[40203,1],[40303,1],[40403,1]]","[[5,210],[22,235],[1,410],[7,10]]","[[3,1],[7,1],[10001,1],[29904,1],[10451,1],[40103,1],[40203,1],[40303,1],[40403,1]]","[[5,210],[22,235],[1,410],[7,10]]","[[3,1],[7,1],[10001,1],[29904,1],[10451,1],[40103,1],[40203,1],[40303,1],[40403,1]]"
20220,20220,2,1,0,45286,"[[3,1],[7,1],[10001,1],[29904,1],[10451,1],[40103,1],[40203,1],[40303,1],[40403,1]]","[[5,210],[22,225],[1,400],[7,10]]","[[3,1],[7,1],[10001,1],[29904,1],[10451,1],[40103,1],[40203,1],[40303,1],[40403,1]]","[[5,210],[22,225],[1,400],[7,10]]","[[3,1],[7,1],[10001,1],[29904,1],[10451,1],[40103,1],[40203,1],[40303,1],[40403,1]]"
20210,20210,2,1,0,45024,"[[3,1],[7,1],[10001,1],[29904,1],[10451,1],[40103,1],[40203,1],[40303,1],[40403,1]]","[[5,210],[22,225],[1,400],[7,10]]","[[3,1],[7,1],[10001,1],[29904,1],[10451,1],[40103,1],[40203,1],[40303,1],[40403,1]]","[[5,210],[22,225],[1,400],[7,10]]","[[3,1],[7,1],[10001,1],[29904,1],[10451,1],[40103,1],[40203,1],[40303,1],[40403,1]]"
20200,20200,2,1,1,42624,"[[3,1],[7,1],[10001,1],[29904,1],[10451,1],[40103,1],[40203,1],[40303,1],[40403,1]]","[[5,200],[22,225],[1,400],[7,10]]","[[3,1],[7,1],[10001,1],[29904,1],[10451,1],[40103,1],[40203,1],[40303,1],[40403,1]]","[[5,200],[22,225],[1,400],[7,10]]","[[3,1],[7,1],[10001,1],[29904,1],[10451,1],[40103,1],[40203,1],[40303,1],[40403,1]]"
20190,20190,2,1,0,42362,"[[3,1],[7,1],[10001,1],[29904,1],[10451,1],[40103,1],[40203,1],[40303,1],[40403,1]]","[[5,200],[22,215],[1,390],[7,10]]","[[3,1],[7,1],[10001,1],[29904,1],[10451,1],[40103,1],[40203,1],[40303,1],[40403,1]]","[[5,200],[22,215],[1,390],[7,10]]","[[3,1],[7,1],[10001,1],[29904,1],[10451,1],[40103,1],[40203,1],[40303,1],[40403,1]]"
20180,20180,2,1,0,40041,"[[3,1],[7,1],[10001,1],[29904,1],[10451,1],[40103,1],[40203,1],[40303,1],[40403,1]]","[[5,200],[22,215],[1,390],[7,10]]","[[3,1],[7,1],[10001,1],[29904,1],[10451,1],[40103,1],[40203,1],[40303,1],[40403,1]]","[[5,200],[22,215],[1,390],[7,10]]","[[3,1],[7,1],[10001,1],[29904,1],[10451,1],[40103,1],[40203,1],[40303,1],[40403,1]]"
20170,20170,2,1,0,39779,"[[3,1],[7,1],[10001,1],[29904,1],[10451,1],[40102,1],[40202,1],[40302,1],[40402,1]]","[[5,190],[22,215],[1,390],[7,10]]","[[3,1],[7,1],[10001,1],[29904,1],[10451,1],[40102,1],[40202,1],[40302,1],[40402,1]]","[[5,190],[22,215],[1,390],[7,10]]","[[3,1],[7,1],[10001,1],[29904,1],[10451,1],[40102,1],[40202,1],[40302,1],[40402,1]]"
20160,20160,2,1,0,36608,"[[3,1],[7,1],[10001,1],[29904,1],[10451,1],[40102,1],[40202,1],[40302,1],[40402,1]]","[[5,190],[22,205],[1,380],[7,10]]","[[3,1],[7,1],[10001,1],[29904,1],[10451,1],[40102,1],[40202,1],[40302,1],[40402,1]]","[[5,190],[22,205],[1,380],[7,10]]","[[3,1],[7,1],[10001,1],[29904,1],[10451,1],[40102,1],[40202,1],[40302,1],[40402,1]]"
20150,20150,2,1,1,36345,"[[3,1],[7,1],[10001,1],[29904,1],[10451,1],[40102,1],[40202,1],[40302,1],[40402,1]]","[[5,190],[22,205],[1,380],[7,10]]","[[3,1],[7,1],[10001,1],[29904,1],[10451,1],[40102,1],[40202,1],[40302,1],[40402,1]]","[[5,190],[22,205],[1,380],[7,10]]","[[3,1],[7,1],[10001,1],[29904,1],[10451,1],[40102,1],[40202,1],[40302,1],[40402,1]]"
20140,20140,2,1,0,34608,"[[3,1],[7,1],[10001,1],[29904,1],[10451,1],[40102,1],[40202,1],[40302,1],[40402,1]]","[[5,180],[22,205],[1,380],[7,10]]","[[3,1],[7,1],[10001,1],[29904,1],[10451,1],[40102,1],[40202,1],[40302,1],[40402,1]]","[[5,180],[22,205],[1,380],[7,10]]","[[3,1],[7,1],[10001,1],[29904,1],[10451,1],[40102,1],[40202,1],[40302,1],[40402,1]]"
20130,20130,2,1,0,34345,"[[3,1],[7,1],[10001,1],[29904,1],[10451,1],[40102,1],[40202,1],[40302,1],[40402,1]]","[[5,180],[22,195],[1,370],[7,10]]","[[3,1],[7,1],[10001,1],[29904,1],[10451,1],[40102,1],[40202,1],[40302,1],[40402,1]]","[[5,180],[22,195],[1,370],[7,10]]","[[3,1],[7,1],[10001,1],[29904,1],[10451,1],[40102,1],[40202,1],[40302,1],[40402,1]]"
20120,20120,2,1,0,32896,"[[3,1],[7,1],[10001,1],[29904,1],[10451,1],[40102,1],[40202,1],[40302,1],[40402,1]]","[[5,180],[22,195],[1,370],[7,10]]","[[3,1],[7,1],[10001,1],[29904,1],[10451,1],[40102,1],[40202,1],[40302,1],[40402,1]]","[[5,180],[22,195],[1,370],[7,10]]","[[3,1],[7,1],[10001,1],[29904,1],[10451,1],[40102,1],[40202,1],[40302,1],[40402,1]]"
20110,20110,2,1,0,32634,"[[3,1],[7,1],[10001,1],[29904,1],[10451,1],[40102,1],[40202,1],[40302,1],[40402,1]]","[[5,170],[22,195],[1,370],[7,10]]","[[3,1],[7,1],[10001,1],[29904,1],[10451,1],[40102,1],[40202,1],[40302,1],[40402,1]]","[[5,170],[22,195],[1,370],[7,10]]","[[3,1],[7,1],[10001,1],[29904,1],[10451,1],[40102,1],[40202,1],[40302,1],[40402,1]]"
20100,20100,2,1,1,32371,"[[3,1],[7,1],[10001,1],[29904,1],[10451,1],[40102,1],[40202,1],[40302,1],[40402,1]]","[[5,170],[22,185],[1,360],[7,10]]","[[3,1],[7,1],[10001,1],[29904,1],[10451,1],[40102,1],[40202,1],[40302,1],[40402,1]]","[[5,170],[22,185],[1,360],[7,10]]","[[3,1],[7,1],[10001,1],[29904,1],[10451,1],[40102,1],[40202,1],[40302,1],[40402,1]]"
20090,20090,2,1,0,30954,"[[3,1],[7,1],[10001,1],[29904,1],[10451,1],[40102,1],[40202,1],[40302,1],[40402,1]]","[[5,170],[22,185],[1,360],[7,10]]","[[3,1],[7,1],[10001,1],[29904,1],[10451,1],[40102,1],[40202,1],[40302,1],[40402,1]]","[[5,170],[22,185],[1,360],[7,10]]","[[3,1],[7,1],[10001,1],[29904,1],[10451,1],[40102,1],[40202,1],[40302,1],[40402,1]]"
20080,20080,2,1,0,30691,"[[3,1],[7,1],[10001,1],[29904,1],[10451,1],[40102,1],[40202,1],[40302,1],[40402,1]]","[[5,160],[22,185],[1,360],[7,10]]","[[3,1],[7,1],[10001,1],[29904,1],[10451,1],[40102,1],[40202,1],[40302,1],[40402,1]]","[[5,160],[22,185],[1,360],[7,10]]","[[3,1],[7,1],[10001,1],[29904,1],[10451,1],[40102,1],[40202,1],[40302,1],[40402,1]]"
20070,20070,2,1,0,30429,"[[3,1],[7,1],[10001,1],[29904,1],[10451,1],[40102,1],[40202,1],[40302,1],[40402,1]]","[[5,160],[22,175],[1,350],[7,10]]","[[3,1],[7,1],[10001,1],[29904,1],[10451,1],[40102,1],[40202,1],[40302,1],[40402,1]]","[[5,160],[22,175],[1,350],[7,10]]","[[3,1],[7,1],[10001,1],[29904,1],[10451,1],[40102,1],[40202,1],[40302,1],[40402,1]]"
20060,20060,2,1,0,28827,"[[3,1],[7,1],[10001,1],[29904,1],[10451,1],[40102,1],[40202,1],[40302,1],[40402,1]]","[[5,160],[22,175],[1,350],[7,10]]","[[3,1],[7,1],[10001,1],[29904,1],[10451,1],[40102,1],[40202,1],[40302,1],[40402,1]]","[[5,160],[22,175],[1,350],[7,10]]","[[3,1],[7,1],[10001,1],[29904,1],[10451,1],[40102,1],[40202,1],[40302,1],[40402,1]]"
20050,20050,2,1,1,28565,"[[3,1],[7,1],[10001,1],[29904,1],[10451,1],[40102,1],[40202,1],[40302,1],[40402,1]]","[[5,150],[22,175],[1,350],[7,10]]","[[3,1],[7,1],[10001,1],[29904,1],[10451,1],[40102,1],[40202,1],[40302,1],[40402,1]]","[[5,150],[22,175],[1,350],[7,10]]","[[3,1],[7,1],[10001,1],[29904,1],[10451,1],[40102,1],[40202,1],[40302,1],[40402,1]]"
20040,20040,2,1,0,26969,"[[3,1],[7,1],[10001,1],[29904,1],[10451,1],[40102,1],[40202,1],[40302,1],[40402,1]]","[[5,150],[22,165],[1,340],[7,10]]","[[3,1],[7,1],[10001,1],[29904,1],[10451,1],[40102,1],[40202,1],[40302,1],[40402,1]]","[[5,150],[22,165],[1,340],[7,10]]","[[3,1],[7,1],[10001,1],[29904,1],[10451,1],[40102,1],[40202,1],[40302,1],[40402,1]]"
20030,20030,2,1,0,26706,"[[3,1],[7,1],[10001,1],[29904,1],[10451,1],[40102,1],[40202,1],[40302,1],[40402,1]]","[[5,150],[22,165],[1,340],[7,10]]","[[3,1],[7,1],[10001,1],[29904,1],[10451,1],[40102,1],[40202,1],[40302,1],[40402,1]]","[[5,150],[22,165],[1,340],[7,10]]","[[3,1],[7,1],[10001,1],[29904,1],[10451,1],[40102,1],[40202,1],[40302,1],[40402,1]]"
20020,20020,2,1,0,25194,"[[3,1],[7,1],[10001,1],[29904,1],[10451,1],[40102,1],[40202,1],[40302,1],[40402,1]]","[[5,140],[22,165],[1,340],[7,10]]","[[3,1],[7,1],[10001,1],[29904,1],[10451,1],[40102,1],[40202,1],[40302,1],[40402,1]]","[[5,140],[22,165],[1,340],[7,10]]","[[3,1],[7,1],[10001,1],[29904,1],[10451,1],[40102,1],[40202,1],[40302,1],[40402,1]]"
20010,20010,2,1,0,24932,"[[3,1],[7,1],[10001,1],[29904,1],[10451,1],[40102,1],[40202,1],[40302,1],[40402,1]]","[[5,140],[22,155],[1,330],[7,10]]","[[3,1],[7,1],[10001,1],[29904,1],[10451,1],[40102,1],[40202,1],[40302,1],[40402,1]]","[[5,140],[22,155],[1,330],[7,10]]","[[3,1],[7,1],[10001,1],[29904,1],[10451,1],[40102,1],[40202,1],[40302,1],[40402,1]]"
10400,10400,1,1,1,23457,"[[3,1],[7,1],[10001,1],[29904,1],[40102,1],[40202,1],[40302,1],[40402,1]]","[[5,140],[22,155],[1,330],[7,10]]","[[3,1],[7,1],[10001,1],[29904,1],[40102,1],[40202,1],[40302,1],[40402,1]]","[[5,140],[22,155],[1,330],[7,10]]","[[3,1],[7,1],[10001,1],[29904,1],[40102,1],[40202,1],[40302,1],[40402,1]]"
10390,10390,1,1,0,23194,"[[3,1],[7,1],[10001,1],[29904,1],[40102,1],[40202,1],[40302,1],[40402,1]]","[[5,130],[22,155],[1,330],[7,10]]","[[3,1],[7,1],[10001,1],[29904,1],[40102,1],[40202,1],[40302,1],[40402,1]]","[[5,130],[22,155],[1,330],[7,10]]","[[3,1],[7,1],[10001,1],[29904,1],[40102,1],[40202,1],[40302,1],[40402,1]]"
10380,10380,1,1,0,21771,"[[3,1],[7,1],[10001,1],[29904,1],[40102,1],[40202,1],[40302,1],[40402,1]]","[[5,130],[22,145],[1,320],[7,10]]","[[3,1],[7,1],[10001,1],[29904,1],[40102,1],[40202,1],[40302,1],[40402,1]]","[[5,130],[22,145],[1,320],[7,10]]","[[3,1],[7,1],[10001,1],[29904,1],[40102,1],[40202,1],[40302,1],[40402,1]]"
10370,10370,1,1,0,21509,"[[3,1],[7,1],[10001,1],[29904,1],[40102,1],[40202,1],[40302,1],[40402,1]]","[[5,130],[22,145],[1,320],[7,10]]","[[3,1],[7,1],[10001,1],[29904,1],[40102,1],[40202,1],[40302,1],[40402,1]]","[[5,130],[22,145],[1,320],[7,10]]","[[3,1],[7,1],[10001,1],[29904,1],[40102,1],[40202,1],[40302,1],[40402,1]]"
10360,10360,1,1,0,20133,"[[3,1],[7,1],[10001,1],[29904,1],[40102,1],[40202,1],[40302,1],[40402,1]]","[[5,120],[22,145],[1,320],[7,10]]","[[3,1],[7,1],[10001,1],[29904,1],[40102,1],[40202,1],[40302,1],[40402,1]]","[[5,120],[22,145],[1,320],[7,10]]","[[3,1],[7,1],[10001,1],[29904,1],[40102,1],[40202,1],[40302,1],[40402,1]]"
10350,10350,1,1,1,19871,"[[3,1],[7,1],[10001,1],[29904,1],[40102,1],[40202,1],[40302,1],[40402,1]]","[[5,120],[22,135],[1,310],[7,10]]","[[3,1],[7,1],[10001,1],[29904,1],[40102,1],[40202,1],[40302,1],[40402,1]]","[[5,120],[22,135],[1,310],[7,10]]","[[3,1],[7,1],[10001,1],[29904,1],[40102,1],[40202,1],[40302,1],[40402,1]]"
10340,10340,1,1,0,17750,"[[3,1],[7,1],[10001,1],[29904,1],[40102,1],[40202,1],[40302,1],[40402,1]]","[[5,120],[22,135],[1,310],[7,10]]","[[3,1],[7,1],[10001,1],[29904,1],[40102,1],[40202,1],[40302,1],[40402,1]]","[[5,120],[22,135],[1,310],[7,10]]","[[3,1],[7,1],[10001,1],[29904,1],[40102,1],[40202,1],[40302,1],[40402,1]]"
10330,10330,1,1,0,17487,"[[3,1],[7,1],[10001,1],[29904,1],[40102,1],[40202,1],[40302,1],[40402,1]]","[[5,110],[22,135],[1,310],[7,10]]","[[3,1],[7,1],[10001,1],[29904,1],[40102,1],[40202,1],[40302,1],[40402,1]]","[[5,110],[22,135],[1,310],[7,10]]","[[3,1],[7,1],[10001,1],[29904,1],[40102,1],[40202,1],[40302,1],[40402,1]]"
10320,10320,1,1,0,16348,"[[3,1],[7,1],[10001,1],[29904,1],[40102,1],[40202,1],[40302,1],[40402,1]]","[[5,110],[22,125],[1,300],[7,10]]","[[3,1],[7,1],[10001,1],[29904,1],[40102,1],[40202,1],[40302,1],[40402,1]]","[[5,110],[22,125],[1,300],[7,10]]","[[3,1],[7,1],[10001,1],[29904,1],[40102,1],[40202,1],[40302,1],[40402,1]]"
10310,10310,1,1,0,16086,"[[3,1],[7,1],[10001,1],[29904,1],[40102,1],[40202,1],[40302,1],[40402,1]]","[[5,110],[22,125],[1,300],[7,10]]","[[3,1],[7,1],[10001,1],[29904,1],[40102,1],[40202,1],[40302,1],[40402,1]]","[[5,110],[22,125],[1,300],[7,10]]","[[3,1],[7,1],[10001,1],[29904,1],[40102,1],[40202,1],[40302,1],[40402,1]]"
10300,10300,1,1,1,11999,"[[3,1],[7,1],[10001,1],[29904,1],[40102,1],[40202,1],[40302,1],[40402,1]]","[[5,100],[22,125],[1,300],[7,10]]","[[3,1],[7,1],[10001,1],[29904,1],[40102,1],[40202,1],[40302,1],[40402,1]]","[[5,100],[22,125],[1,300],[7,10]]","[[3,1],[7,1],[10001,1],[29904,1],[40102,1],[40202,1],[40302,1],[40402,1]]"
10290,10290,1,1,0,11789,"[[3,1],[7,1],[10001,1],[29903,1],[40102,1],[40202,1],[40302,1],[40402,1]]","[[5,100],[22,115],[1,290],[7,10]]","[[3,1],[7,1],[10001,1],[29903,1],[40102,1],[40202,1],[40302,1],[40402,1]]","[[5,100],[22,115],[1,290],[7,10]]","[[3,1],[7,1],[10001,1],[29903,1],[40102,1],[40202,1],[40302,1],[40402,1]]"
10280,10280,1,1,0,10932,"[[3,1],[7,1],[10001,1],[29903,1],[40102,1],[40202,1],[40302,1],[40402,1]]","[[5,100],[22,115],[1,290],[7,10]]","[[3,1],[7,1],[10001,1],[29903,1],[40102,1],[40202,1],[40302,1],[40402,1]]","[[5,100],[22,115],[1,290],[7,10]]","[[3,1],[7,1],[10001,1],[29903,1],[40102,1],[40202,1],[40302,1],[40402,1]]"
10270,10270,1,1,0,10722,"[[3,1],[7,1],[10001,1],[29903,1],[40101,1],[40201,1],[40301,1],[40401,1]]","[[5,90],[22,115],[1,290],[7,10]]","[[3,1],[7,1],[10001,1],[29903,1],[40101,1],[40201,1],[40301,1],[40401,1]]","[[5,90],[22,115],[1,290],[7,10]]","[[3,1],[7,1],[10001,1],[29903,1],[40101,1],[40201,1],[40301,1],[40401,1]]"
10260,10260,1,1,0,9928,"[[3,1],[7,1],[10001,1],[29903,1],[40101,1],[40201,1],[40301,1],[40401,1]]","[[5,90],[22,105],[1,280],[7,10]]","[[3,1],[7,1],[10001,1],[29903,1],[40101,1],[40201,1],[40301,1],[40401,1]]","[[5,90],[22,105],[1,280],[7,10]]","[[3,1],[7,1],[10001,1],[29903,1],[40101,1],[40201,1],[40301,1],[40401,1]]"
10250,10250,1,1,1,9718,"[[3,1],[7,1],[10001,1],[29903,1],[40101,1],[40201,1],[40301,1],[40401,1]]","[[5,90],[22,105],[1,280],[7,10]]","[[3,1],[7,1],[10001,1],[29903,1],[40101,1],[40201,1],[40301,1],[40401,1]]","[[5,90],[22,105],[1,280],[7,10]]","[[3,1],[7,1],[10001,1],[29903,1],[40101,1],[40201,1],[40301,1],[40401,1]]"
10240,10240,1,1,0,9059,"[[3,1],[7,1],[10001,1],[29903,1],[40101,1],[40201,1],[40301,1],[40401,1]]","[[5,80],[22,105],[1,280],[7,10]]","[[3,1],[7,1],[10001,1],[29903,1],[40101,1],[40201,1],[40301,1],[40401,1]]","[[5,80],[22,105],[1,280],[7,10]]","[[3,1],[7,1],[10001,1],[29903,1],[40101,1],[40201,1],[40301,1],[40401,1]]"
10230,10230,1,1,0,8849,"[[3,1],[7,1],[10001,1],[29903,1],[40101,1],[40201,1],[40301,1],[40401,1]]","[[5,80],[22,95],[1,270],[7,10]]","[[3,1],[7,1],[10001,1],[29903,1],[40101,1],[40201,1],[40301,1],[40401,1]]","[[5,80],[22,95],[1,270],[7,10]]","[[3,1],[7,1],[10001,1],[29903,1],[40101,1],[40201,1],[40301,1],[40401,1]]"
10220,10220,1,1,0,8223,"[[3,1],[7,1],[10001,1],[29903,1],[40101,1],[40201,1],[40301,1],[40401,1]]","[[5,80],[22,95],[1,270],[7,10]]","[[3,1],[7,1],[10001,1],[29903,1],[40101,1],[40201,1],[40301,1],[40401,1]]","[[5,80],[22,95],[1,270],[7,10]]","[[3,1],[7,1],[10001,1],[29903,1],[40101,1],[40201,1],[40301,1],[40401,1]]"
10210,10210,1,1,0,8013,"[[3,1],[7,1],[10001,1],[29903,1],[40101,1],[40201,1],[40301,1],[40401,1]]","[[5,70],[22,95],[1,270],[7,10]]","[[3,1],[7,1],[10001,1],[29903,1],[40101,1],[40201,1],[40301,1],[40401,1]]","[[5,70],[22,95],[1,270],[7,10]]","[[3,1],[7,1],[10001,1],[29903,1],[40101,1],[40201,1],[40301,1],[40401,1]]"
10200,10200,1,1,1,7417,"[[3,1],[7,1],[10001,1],[29903,1],[40101,1],[40201,1],[40301,1],[40401,1]]","[[5,70],[22,85],[1,260],[7,10]]","[[3,1],[7,1],[10001,1],[29903,1],[40101,1],[40201,1],[40301,1],[40401,1]]","[[5,70],[22,85],[1,260],[7,10]]","[[3,1],[7,1],[10001,1],[29903,1],[40101,1],[40201,1],[40301,1],[40401,1]]"
10190,10190,1,1,0,7207,"[[3,1],[7,1],[10001,1],[29903,1],[40101,1],[40201,1],[40301,1],[40401,1]]","[[5,70],[22,85],[1,260],[7,10]]","[[3,1],[7,1],[10001,1],[29903,1],[40101,1],[40201,1],[40301,1],[40401,1]]","[[5,70],[22,85],[1,260],[7,10]]","[[3,1],[7,1],[10001,1],[29903,1],[40101,1],[40201,1],[40301,1],[40401,1]]"
10180,10180,1,1,0,6669,"[[3,1],[7,1],[10001,1],[29903,1],[40101,1],[40201,1],[40301,1],[40401,1]]","[[5,60],[22,85],[1,260],[7,10]]","[[3,1],[7,1],[10001,1],[29903,1],[40101,1],[40201,1],[40301,1],[40401,1]]","[[5,60],[22,85],[1,260],[7,10]]","[[3,1],[7,1],[10001,1],[29903,1],[40101,1],[40201,1],[40301,1],[40401,1]]"
10170,10170,1,1,0,6459,"[[3,1],[7,1],[10001,1],[29903,1],[40101,1],[40201,1],[40301,1],[40401,1]]","[[5,60],[22,75],[1,250],[7,10]]","[[3,1],[7,1],[10001,1],[29903,1],[40101,1],[40201,1],[40301,1],[40401,1]]","[[5,60],[22,75],[1,250],[7,10]]","[[3,1],[7,1],[10001,1],[29903,1],[40101,1],[40201,1],[40301,1],[40401,1]]"
10160,10160,1,1,0,5707,"[[3,1],[7,1],[10001,1],[29903,1],[40101,1],[40201,1],[40301,1],[40401,1]]","[[5,60],[22,75],[1,250],[7,10]]","[[3,1],[7,1],[10001,1],[29903,1],[40101,1],[40201,1],[40301,1],[40401,1]]","[[5,60],[22,75],[1,250],[7,10]]","[[3,1],[7,1],[10001,1],[29903,1],[40101,1],[40201,1],[40301,1],[40401,1]]"
10150,10150,1,1,1,4280,"[[3,1],[7,1],[10001,1],[29903,1],[40101,1],[40201,1],[40301,1],[40401,1]]","[[5,50],[22,75],[1,250],[7,10]]","[[3,1],[7,1],[10001,1],[29903,1],[40101,1],[40201,1],[40301,1],[40401,1]]","[[5,50],[22,75],[1,250],[7,10]]","[[3,1],[7,1],[10001,1],[29903,1],[40101,1],[40201,1],[40301,1],[40401,1]]"
10140,10140,1,1,0,3345,"[[3,1],[7,1],[10001,1],[29903,1],[40101,1],[40201,1],[40301,1],[40401,1]]","[[5,50],[22,65],[1,240],[7,10]]","[[3,1],[7,1],[10001,1],[29903,1],[40101,1],[40201,1],[40301,1],[40401,1]]","[[5,50],[22,65],[1,240],[7,10]]","[[3,1],[7,1],[10001,1],[29903,1],[40101,1],[40201,1],[40301,1],[40401,1]]"
10130,10130,1,1,0,3187,"[[3,1],[7,1],[10001,1],[29903,1],[40101,1],[40201,1],[40301,1],[40401,1]]","[[5,50],[22,65],[1,240],[7,10]]","[[3,1],[7,1],[10001,1],[29903,1],[40101,1],[40201,1],[40301,1],[40401,1]]","[[5,50],[22,65],[1,240],[7,10]]","[[3,1],[7,1],[10001,1],[29903,1],[40101,1],[40201,1],[40301,1],[40401,1]]"
10120,10120,1,1,0,3030,"[[3,1],[7,1],[10001,1],[29903,1],[40101,1],[40201,1],[40301,1],[40401,1]]","[[5,40],[22,65],[1,240],[7,10]]","[[3,1],[7,1],[10001,1],[29903,1],[40101,1],[40201,1],[40301,1],[40401,1]]","[[5,40],[22,65],[1,240],[7,10]]","[[3,1],[7,1],[10001,1],[29903,1],[40101,1],[40201,1],[40301,1],[40401,1]]"
10110,10110,1,1,0,2872,"[[3,1],[7,1],[10001,1],[29903,1],[40101,1],[40201,1],[40301,1],[40401,1]]","[[5,40],[22,55],[1,230],[7,10]]","[[3,1],[7,1],[10001,1],[29903,1],[40101,1],[40201,1],[40301,1],[40401,1]]","[[5,40],[22,55],[1,230],[7,10]]","[[3,1],[7,1],[10001,1],[29903,1],[40101,1],[40201,1],[40301,1],[40401,1]]"
10100,10100,1,1,1,2715,"[[3,1],[7,1],[10001,1],[29903,1],[40101,1],[40201,1],[40301,1],[40401,1]]","[[5,40],[22,55],[1,230],[7,10]]","[[3,1],[7,1],[10001,1],[29903,1],[40101,1],[40201,1],[40301,1],[40401,1]]","[[5,40],[22,55],[1,230],[7,10]]","[[3,1],[7,1],[10001,1],[29903,1],[40101,1],[40201,1],[40301,1],[40401,1]]"
10090,10090,1,1,0,2557,"[[3,1],[7,1],[10001,1],[29903,1],[40101,1],[40201,1],[40301,1],[40401,1]]","[[5,30],[22,55],[1,230],[7,10]]","[[3,1],[7,1],[10001,1],[29903,1],[40101,1],[40201,1],[40301,1],[40401,1]]","[[5,30],[22,55],[1,230],[7,10]]","[[3,1],[7,1],[10001,1],[29903,1],[40101,1],[40201,1],[40301,1],[40401,1]]"
10080,10080,1,1,0,2400,"[[3,1],[7,1],[10001,1],[29903,1],[40101,1],[40201,1],[40301,1],[40401,1]]","[[5,30],[22,45],[1,220],[7,10]]","[[3,1],[7,1],[10001,1],[29903,1],[40101,1],[40201,1],[40301,1],[40401,1]]","[[5,30],[22,45],[1,220],[7,10]]","[[3,1],[7,1],[10001,1],[29903,1],[40101,1],[40201,1],[40301,1],[40401,1]]"
10070,10070,1,1,0,2242,"[[3,1],[7,1],[10001,1],[29903,1],[40101,1],[40201,1],[40301,1],[40401,1]]","[[5,30],[22,45],[1,220],[7,10]]","[[3,1],[7,1],[10001,1],[29903,1],[40101,1],[40201,1],[40301,1],[40401,1]]","[[5,30],[22,45],[1,220],[7,10]]","[[3,1],[7,1],[10001,1],[29903,1],[40101,1],[40201,1],[40301,1],[40401,1]]"
10060,10060,1,1,0,1432,"[[3,1],[7,1],[10001,1],[29903,1],[40101,1],[40201,1],[40301,1],[40401,1]]","[[5,20],[22,45],[1,220],[7,10]]","[[3,1],[7,1],[10001,1],[29903,1],[40101,1],[40201,1],[40301,1],[40401,1]]","[[5,20],[22,45],[1,220],[7,10]]","[[3,1],[7,1],[10001,1],[29903,1],[40101,1],[40201,1],[40301,1],[40401,1]]"
10050,10050,1,1,1,1327,"[[3,1],[7,1],[10001,1],[29903,1],[40101,1],[40201,1],[40301,1],[40401,1]]","[[5,20],[22,35],[1,210],[7,10]]","[[3,1],[7,1],[10001,1],[29903,1],[40101,1],[40201,1],[40301,1],[40401,1]]","[[5,20],[22,35],[1,210],[7,10]]","[[3,1],[7,1],[10001,1],[29903,1],[40101,1],[40201,1],[40301,1],[40401,1]]"
10040,10040,1,1,0,1148,"[[3,1],[7,1],[10001,1],[29903,1],[40101,1],[40201,1],[40301,1],[40401,1]]","[[5,20],[22,35],[1,210],[7,10]]","[[3,1],[7,1],[10001,1],[29903,1],[40101,1],[40201,1],[40301,1],[40401,1]]","[[5,20],[22,35],[1,210],[7,10]]","[[3,1],[7,1],[10001,1],[29903,1],[40101,1],[40201,1],[40301,1],[40401,1]]"
10030,10030,1,1,0,980,"[[3,1],[7,1],[10001,1],[29903,1],[40101,1],[40201,1],[40301,1],[40401,1]]","[[5,10],[22,35],[1,210],[7,10]]","[[3,1],[7,1],[10001,1],[29903,1],[40101,1],[40201,1],[40301,1],[40401,1]]","[[5,10],[22,35],[1,210],[7,10]]","[[3,1],[7,1],[10001,1],[29903,1],[40101,1],[40201,1],[40301,1],[40401,1]]"
10020,10020,1,1,0,410,"[[3,1],[7,1],[10001,1],[29903,1],[40101,1],[40201,1],[40301,1],[40401,1]]","[[5,10],[22,25],[1,200],[7,10]]","[[3,1],[7,1],[10001,1],[29903,1],[40101,1],[40201,1],[40301,1],[40401,1]]","[[5,10],[22,25],[1,200],[7,10]]","[[3,1],[7,1],[10001,1],[29903,1],[40101,1],[40201,1],[40301,1],[40401,1]]"
10010,10010,1,1,0,327,"[[3,1],[7,1],[10001,1],[29903,1],[40101,1],[40201,1],[40301,1],[40401,1]]","[[5,10],[22,25],[1,200],[7,10]]","[[3,1],[7,1],[10001,1],[29903,1],[40101,1],[40201,1],[40301,1],[40401,1]]","[[5,10],[22,25],[1,200],[7,10]]","[[3,1],[7,1],[10001,1],[29903,1],[40101,1],[40201,1],[40301,1],[40401,1]]"
